unit_id,book,lang,period,words,theme,group
applebaum_19,applebaum,en,P1,100,6,People and everyday life
applebaum_19,applebaum,en,P1,114,3,Place and movement
applebaum_19,applebaum,en,P1,110,3,Place and movement
applebaum_19,applebaum,en,P1,102,3,Place and movement
applebaum_19,applebaum,en,P1,116,3,Place and movement
applebaum_19,applebaum,en,P1,137,3,Place and movement
applebaum_19,applebaum,en,P1,118,3,Place and movement
applebaum_19,applebaum,en,P1,107,3,Place and movement
applebaum_19,applebaum,en,P1,112,3,Place and movement
applebaum_19,applebaum,en,P1,101,3,Place and movement
applebaum_19,applebaum,en,P1,116,3,Place and movement
applebaum_19,applebaum,en,P1,104,5,Politics and nation
applebaum_19,applebaum,en,P1,122,3,Place and movement
applebaum_19,applebaum,en,P1,128,2,People and everyday life
applebaum_19,applebaum,en,P1,101,0,People and everyday life
applebaum_19,applebaum,en,P1,106,8,Place and movement
applebaum_19,applebaum,en,P1,138,5,Politics and nation
applebaum_19,applebaum,en,P1,135,5,Politics and nation
applebaum_19,applebaum,en,P1,137,8,Place and movement
applebaum_19,applebaum,en,P1,150,8,Place and movement
applebaum_19,applebaum,en,P1,100,2,People and everyday life
applebaum_19,applebaum,en,P1,107,6,People and everyday life
applebaum_19,applebaum,en,P1,118,2,People and everyday life
applebaum_19,applebaum,en,P1,107,8,Place and movement
applebaum_19,applebaum,en,P1,100,0,People and everyday life
applebaum_19,applebaum,en,P1,103,6,People and everyday life
applebaum_19,applebaum,en,P1,102,6,People and everyday life
applebaum_19,applebaum,en,P1,126,7,People and everyday life
applebaum_19,applebaum,en,P1,109,2,People and everyday life
applebaum_19,applebaum,en,P1,104,10,War
applebaum_19,applebaum,en,P1,100,5,Politics and nation
applebaum_19,applebaum,en,P1,106,6,People and everyday life
applebaum_19,applebaum,en,P1,146,8,Place and movement
applebaum_19,applebaum,en,P1,105,6,People and everyday life
applebaum_19,applebaum,en,P1,123,3,Place and movement
applebaum_19,applebaum,en,P1,121,0,People and everyday life
applebaum_19,applebaum,en,P1,113,8,Place and movement
applebaum_19,applebaum,en,P1,120,1,Politics and nation
applebaum_19,applebaum,en,P1,112,10,War
applebaum_19,applebaum,en,P1,100,10,War
applebaum_19,applebaum,en,P1,114,10,War
applebaum_19,applebaum,en,P1,101,5,Politics and nation
applebaum_19,applebaum,en,P1,106,1,Politics and nation
applebaum_19,applebaum,en,P1,112,5,Politics and nation
applebaum_19,applebaum,en,P1,104,1,Politics and nation
applebaum_19,applebaum,en,P1,106,6,People and everyday life
applebaum_19,applebaum,en,P1,104,0,People and everyday life
applebaum_19,applebaum,en,P1,118,10,War
applebaum_19,applebaum,en,P1,107,8,Place and movement
applebaum_19,applebaum,en,P1,103,8,Place and movement
applebaum_19,applebaum,en,P1,112,2,People and everyday life
applebaum_19,applebaum,en,P1,111,8,Place and movement
applebaum_19,applebaum,en,P1,129,3,Place and movement
applebaum_19,applebaum,en,P1,118,3,Place and movement
applebaum_19,applebaum,en,P1,116,8,Place and movement
applebaum_19,applebaum,en,P1,103,8,Place and movement
applebaum_19,applebaum,en,P1,104,6,People and everyday life
applebaum_19,applebaum,en,P1,110,6,People and everyday life
applebaum_19,applebaum,en,P1,114,8,Place and movement
applebaum_19,applebaum,en,P1,104,8,Place and movement
applebaum_19,applebaum,en,P1,108,8,Place and movement
applebaum_19,applebaum,en,P1,102,8,Place and movement
applebaum_19,applebaum,en,P1,96,8,Place and movement
applebaum_20,applebaum,en,P1,102,7,People and everyday life
applebaum_20,applebaum,en,P1,103,6,People and everyday life
applebaum_20,applebaum,en,P1,111,2,People and everyday life
applebaum_20,applebaum,en,P1,104,2,People and everyday life
applebaum_20,applebaum,en,P1,101,0,People and everyday life
applebaum_20,applebaum,en,P1,108,3,Place and movement
applebaum_20,applebaum,en,P1,114,5,Politics and nation
applebaum_20,applebaum,en,P1,140,2,People and everyday life
applebaum_20,applebaum,en,P1,111,2,People and everyday life
applebaum_20,applebaum,en,P1,117,5,Politics and nation
applebaum_20,applebaum,en,P1,112,2,People and everyday life
applebaum_20,applebaum,en,P1,120,7,People and everyday life
applebaum_20,applebaum,en,P1,102,3,Place and movement
applebaum_20,applebaum,en,P1,117,3,Place and movement
applebaum_20,applebaum,en,P1,106,2,People and everyday life
applebaum_20,applebaum,en,P1,104,6,People and everyday life
applebaum_20,applebaum,en,P1,80,2,People and everyday life
applebaum_21,applebaum,en,P1,126,3,Place and movement
applebaum_21,applebaum,en,P1,100,7,People and everyday life
applebaum_21,applebaum,en,P1,115,7,People and everyday life
applebaum_21,applebaum,en,P1,131,7,People and everyday life
applebaum_21,applebaum,en,P1,113,7,People and everyday life
applebaum_21,applebaum,en,P1,100,3,Place and movement
applebaum_21,applebaum,en,P1,151,6,People and everyday life
applebaum_21,applebaum,en,P1,132,6,People and everyday life
applebaum_21,applebaum,en,P1,105,3,Place and movement
applebaum_21,applebaum,en,P1,128,3,Place and movement
applebaum_21,applebaum,en,P1,110,10,War
applebaum_21,applebaum,en,P1,119,3,Place and movement
applebaum_21,applebaum,en,P1,176,6,People and everyday life
applebaum_21,applebaum,en,P1,130,6,People and everyday life
applebaum_21,applebaum,en,P1,121,7,People and everyday life
applebaum_21,applebaum,en,P1,101,7,People and everyday life
applebaum_21,applebaum,en,P1,124,3,Place and movement
applebaum_21,applebaum,en,P1,108,3,Place and movement
applebaum_21,applebaum,en,P1,152,6,People and everyday life
applebaum_22,applebaum,en,P1,102,6,People and everyday life
applebaum_22,applebaum,en,P1,117,0,People and everyday life
applebaum_22,applebaum,en,P1,100,10,War
applebaum_22,applebaum,en,P1,134,6,People and everyday life
applebaum_22,applebaum,en,P1,112,5,Politics and nation
applebaum_22,applebaum,en,P1,122,3,Place and movement
applebaum_22,applebaum,en,P1,123,6,People and everyday life
applebaum_22,applebaum,en,P1,107,6,People and everyday life
applebaum_22,applebaum,en,P1,104,7,People and everyday life
applebaum_22,applebaum,en,P1,108,7,People and everyday life
applebaum_22,applebaum,en,P1,110,3,Place and movement
applebaum_22,applebaum,en,P1,108,3,Place and movement
applebaum_22,applebaum,en,P1,101,3,Place and movement
applebaum_22,applebaum,en,P1,103,3,Place and movement
applebaum_22,applebaum,en,P1,113,8,Place and movement
applebaum_22,applebaum,en,P1,104,6,People and everyday life
applebaum_22,applebaum,en,P1,106,6,People and everyday life
applebaum_22,applebaum,en,P1,129,3,Place and movement
applebaum_22,applebaum,en,P1,136,3,Place and movement
applebaum_22,applebaum,en,P1,105,3,Place and movement
applebaum_22,applebaum,en,P1,108,8,Place and movement
applebaum_22,applebaum,en,P1,111,8,Place and movement
applebaum_22,applebaum,en,P1,110,5,Politics and nation
applebaum_22,applebaum,en,P1,110,5,Politics and nation
applebaum_22,applebaum,en,P1,109,2,People and everyday life
applebaum_22,applebaum,en,P1,113,2,People and everyday life
applebaum_22,applebaum,en,P1,103,6,People and everyday life
applebaum_22,applebaum,en,P1,113,3,Place and movement
applebaum_22,applebaum,en,P1,119,10,War
applebaum_22,applebaum,en,P1,101,3,Place and movement
applebaum_22,applebaum,en,P1,103,6,People and everyday life
applebaum_22,applebaum,en,P1,104,8,Place and movement
applebaum_22,applebaum,en,P1,130,3,Place and movement
applebaum_22,applebaum,en,P1,100,8,Place and movement
applebaum_22,applebaum,en,P1,111,6,People and everyday life
applebaum_22,applebaum,en,P1,138,5,Politics and nation
applebaum_22,applebaum,en,P1,121,6,People and everyday life
applebaum_22,applebaum,en,P1,127,3,Place and movement
applebaum_22,applebaum,en,P1,65,3,Place and movement
applebaum_23,applebaum,en,P1,123,3,Place and movement
applebaum_23,applebaum,en,P1,104,7,People and everyday life
applebaum_23,applebaum,en,P1,102,3,Place and movement
applebaum_23,applebaum,en,P1,104,0,People and everyday life
applebaum_23,applebaum,en,P1,109,3,Place and movement
applebaum_23,applebaum,en,P1,113,3,Place and movement
applebaum_23,applebaum,en,P1,100,3,Place and movement
applebaum_23,applebaum,en,P1,110,3,Place and movement
applebaum_23,applebaum,en,P1,122,3,Place and movement
applebaum_23,applebaum,en,P1,139,3,Place and movement
applebaum_23,applebaum,en,P1,107,5,Politics and nation
applebaum_23,applebaum,en,P1,115,3,Place and movement
applebaum_23,applebaum,en,P1,119,0,People and everyday life
applebaum_23,applebaum,en,P1,109,0,People and everyday life
applebaum_23,applebaum,en,P1,107,6,People and everyday life
applebaum_23,applebaum,en,P1,118,0,People and everyday life
applebaum_23,applebaum,en,P1,110,0,People and everyday life
applebaum_23,applebaum,en,P1,110,0,People and everyday life
applebaum_23,applebaum,en,P1,108,0,People and everyday life
applebaum_23,applebaum,en,P1,127,10,War
applebaum_23,applebaum,en,P1,102,10,War
applebaum_23,applebaum,en,P1,120,6,People and everyday life
applebaum_23,applebaum,en,P1,104,0,People and everyday life
applebaum_23,applebaum,en,P1,119,3,Place and movement
applebaum_23,applebaum,en,P1,100,5,Politics and nation
applebaum_23,applebaum,en,P1,106,5,Politics and nation
applebaum_24,applebaum,en,P1,133,3,Place and movement
applebaum_24,applebaum,en,P1,109,3,Place and movement
applebaum_24,applebaum,en,P1,113,3,Place and movement
applebaum_24,applebaum,en,P1,118,3,Place and movement
applebaum_24,applebaum,en,P1,108,3,Place and movement
applebaum_24,applebaum,en,P1,113,3,Place and movement
applebaum_24,applebaum,en,P1,119,3,Place and movement
applebaum_24,applebaum,en,P1,129,3,Place and movement
applebaum_24,applebaum,en,P1,135,3,Place and movement
applebaum_24,applebaum,en,P1,118,3,Place and movement
applebaum_24,applebaum,en,P1,116,3,Place and movement
applebaum_24,applebaum,en,P1,126,3,Place and movement
applebaum_24,applebaum,en,P1,133,7,People and everyday life
applebaum_24,applebaum,en,P1,119,2,People and everyday life
applebaum_24,applebaum,en,P1,103,2,People and everyday life
applebaum_24,applebaum,en,P1,113,6,People and everyday life
applebaum_24,applebaum,en,P1,119,6,People and everyday life
applebaum_24,applebaum,en,P1,118,0,People and everyday life
applebaum_24,applebaum,en,P1,110,2,People and everyday life
applebaum_24,applebaum,en,P1,107,2,People and everyday life
applebaum_24,applebaum,en,P1,100,2,People and everyday life
applebaum_24,applebaum,en,P1,106,3,Place and movement
applebaum_24,applebaum,en,P1,108,3,Place and movement
applebaum_24,applebaum,en,P1,100,3,Place and movement
applebaum_24,applebaum,en,P1,101,3,Place and movement
applebaum_24,applebaum,en,P1,101,6,People and everyday life
applebaum_24,applebaum,en,P1,101,3,Place and movement
applebaum_26,applebaum,en,P1,132,3,Place and movement
applebaum_26,applebaum,en,P1,155,3,Place and movement
applebaum_26,applebaum,en,P1,111,3,Place and movement
applebaum_26,applebaum,en,P1,100,3,Place and movement
applebaum_26,applebaum,en,P1,120,3,Place and movement
applebaum_26,applebaum,en,P1,107,3,Place and movement
applebaum_26,applebaum,en,P1,118,3,Place and movement
applebaum_26,applebaum,en,P1,102,3,Place and movement
applebaum_26,applebaum,en,P1,108,11,Politics and nation
applebaum_26,applebaum,en,P1,115,3,Place and movement
applebaum_26,applebaum,en,P1,106,3,Place and movement
applebaum_26,applebaum,en,P1,102,5,Politics and nation
applebaum_26,applebaum,en,P1,102,3,Place and movement
applebaum_26,applebaum,en,P1,107,0,People and everyday life
applebaum_26,applebaum,en,P1,105,8,Place and movement
applebaum_26,applebaum,en,P1,104,6,People and everyday life
applebaum_26,applebaum,en,P1,100,0,People and everyday life
applebaum_26,applebaum,en,P1,122,2,People and everyday life
applebaum_26,applebaum,en,P1,106,2,People and everyday life
applebaum_26,applebaum,en,P1,106,0,People and everyday life
applebaum_26,applebaum,en,P1,104,2,People and everyday life
applebaum_26,applebaum,en,P1,101,0,People and everyday life
applebaum_26,applebaum,en,P1,106,0,People and everyday life
applebaum_26,applebaum,en,P1,115,6,People and everyday life
applebaum_26,applebaum,en,P1,101,0,People and everyday life
applebaum_26,applebaum,en,P1,105,0,People and everyday life
applebaum_26,applebaum,en,P1,105,10,War
applebaum_26,applebaum,en,P1,111,6,People and everyday life
applebaum_26,applebaum,en,P1,113,8,Place and movement
applebaum_26,applebaum,en,P1,105,8,Place and movement
applebaum_26,applebaum,en,P1,101,8,Place and movement
applebaum_26,applebaum,en,P1,104,2,People and everyday life
applebaum_26,applebaum,en,P1,116,8,Place and movement
applebaum_26,applebaum,en,P1,109,8,Place and movement
applebaum_26,applebaum,en,P1,105,8,Place and movement
nicolay_02,nicolay,en,P1,106,6,People and everyday life
nicolay_02,nicolay,en,P1,107,6,People and everyday life
nicolay_02,nicolay,en,P1,104,6,People and everyday life
nicolay_02,nicolay,en,P1,110,7,People and everyday life
nicolay_02,nicolay,en,P1,106,6,People and everyday life
nicolay_02,nicolay,en,P1,123,7,People and everyday life
nicolay_02,nicolay,en,P1,102,7,People and everyday life
nicolay_02,nicolay,en,P1,101,7,People and everyday life
nicolay_02,nicolay,en,P1,130,7,People and everyday life
nicolay_02,nicolay,en,P1,124,8,Place and movement
nicolay_02,nicolay,en,P1,115,7,People and everyday life
nicolay_02,nicolay,en,P1,123,7,People and everyday life
nicolay_02,nicolay,en,P1,120,7,People and everyday life
nicolay_02,nicolay,en,P1,113,7,People and everyday life
nicolay_02,nicolay,en,P1,100,8,Place and movement
nicolay_02,nicolay,en,P1,118,8,Place and movement
nicolay_02,nicolay,en,P1,106,8,Place and movement
nicolay_02,nicolay,en,P1,156,8,Place and movement
nicolay_02,nicolay,en,P1,114,8,Place and movement
nicolay_02,nicolay,en,P1,120,0,People and everyday life
nicolay_02,nicolay,en,P1,101,7,People and everyday life
nicolay_02,nicolay,en,P1,124,6,People and everyday life
nicolay_02,nicolay,en,P1,107,6,People and everyday life
nicolay_02,nicolay,en,P1,135,6,People and everyday life
nicolay_02,nicolay,en,P1,117,7,People and everyday life
nicolay_02,nicolay,en,P1,123,8,Place and movement
nicolay_02,nicolay,en,P1,110,3,Place and movement
nicolay_02,nicolay,en,P1,108,7,People and everyday life
nicolay_02,nicolay,en,P1,110,3,Place and movement
nicolay_02,nicolay,en,P1,115,0,People and everyday life
nicolay_02,nicolay,en,P1,116,6,People and everyday life
nicolay_02,nicolay,en,P1,126,8,Place and movement
nicolay_02,nicolay,en,P1,104,7,People and everyday life
nicolay_02,nicolay,en,P1,115,3,Place and movement
nicolay_02,nicolay,en,P1,108,3,Place and movement
nicolay_02,nicolay,en,P1,111,8,Place and movement
nicolay_02,nicolay,en,P1,101,3,Place and movement
nicolay_02,nicolay,en,P1,102,8,Place and movement
nicolay_02,nicolay,en,P1,109,6,People and everyday life
nicolay_02,nicolay,en,P1,105,8,Place and movement
nicolay_02,nicolay,en,P1,108,8,Place and movement
nicolay_02,nicolay,en,P1,101,8,Place and movement
nicolay_02,nicolay,en,P1,104,6,People and everyday life
nicolay_02,nicolay,en,P1,133,3,Place and movement
nicolay_02,nicolay,en,P1,104,0,People and everyday life
nicolay_02,nicolay,en,P1,112,9,War
nicolay_02,nicolay,en,P1,109,8,Place and movement
nicolay_02,nicolay,en,P1,103,8,Place and movement
nicolay_02,nicolay,en,P1,108,8,Place and movement
nicolay_02,nicolay,en,P1,120,8,Place and movement
nicolay_02,nicolay,en,P1,117,8,Place and movement
nicolay_02,nicolay,en,P1,100,8,Place and movement
nicolay_02,nicolay,en,P1,121,8,Place and movement
nicolay_02,nicolay,en,P1,113,8,Place and movement
nicolay_02,nicolay,en,P1,100,2,People and everyday life
nicolay_02,nicolay,en,P1,101,8,Place and movement
nicolay_02,nicolay,en,P1,110,10,War
nicolay_02,nicolay,en,P1,106,6,People and everyday life
nicolay_02,nicolay,en,P1,113,8,Place and movement
nicolay_02,nicolay,en,P1,120,1,Politics and nation
nicolay_02,nicolay,en,P1,106,1,Politics and nation
nicolay_02,nicolay,en,P1,54,3,Place and movement
nicolay_13,nicolay,en,P2,116,2,People and everyday life
nicolay_13,nicolay,en,P2,180,5,Politics and nation
nicolay_13,nicolay,en,P2,119,0,People and everyday life
nicolay_13,nicolay,en,P2,117,8,Place and movement
nicolay_13,nicolay,en,P2,105,0,People and everyday life
nicolay_13,nicolay,en,P2,118,0,People and everyday life
nicolay_13,nicolay,en,P2,122,8,Place and movement
nicolay_13,nicolay,en,P2,132,8,Place and movement
nicolay_13,nicolay,en,P2,133,7,People and everyday life
nicolay_13,nicolay,en,P2,109,8,Place and movement
nicolay_13,nicolay,en,P2,112,0,People and everyday life
nicolay_13,nicolay,en,P2,118,0,People and everyday life
nicolay_13,nicolay,en,P2,105,0,People and everyday life
nicolay_13,nicolay,en,P2,132,3,Place and movement
nicolay_13,nicolay,en,P2,114,3,Place and movement
nicolay_13,nicolay,en,P2,102,8,Place and movement
nicolay_13,nicolay,en,P2,100,0,People and everyday life
nicolay_13,nicolay,en,P2,117,7,People and everyday life
nicolay_13,nicolay,en,P2,125,5,Politics and nation
nicolay_13,nicolay,en,P2,114,9,War
nicolay_13,nicolay,en,P2,105,9,War
nicolay_13,nicolay,en,P2,100,7,People and everyday life
nicolay_13,nicolay,en,P2,100,6,People and everyday life
nicolay_13,nicolay,en,P2,102,7,People and everyday life
nicolay_13,nicolay,en,P2,116,7,People and everyday life
nicolay_13,nicolay,en,P2,111,7,People and everyday life
nicolay_13,nicolay,en,P2,121,7,People and everyday life
nicolay_13,nicolay,en,P2,125,7,People and everyday life
nicolay_13,nicolay,en,P2,124,0,People and everyday life
nicolay_13,nicolay,en,P2,115,3,Place and movement
nicolay_13,nicolay,en,P2,116,7,People and everyday life
nicolay_13,nicolay,en,P2,112,6,People and everyday life
nicolay_13,nicolay,en,P2,100,2,People and everyday life
nicolay_13,nicolay,en,P2,115,2,People and everyday life
nicolay_13,nicolay,en,P2,152,7,People and everyday life
nicolay_13,nicolay,en,P2,101,7,People and everyday life
nicolay_13,nicolay,en,P2,107,6,People and everyday life
nicolay_13,nicolay,en,P2,100,6,People and everyday life
nicolay_13,nicolay,en,P2,154,6,People and everyday life
nicolay_13,nicolay,en,P2,108,7,People and everyday life
nicolay_13,nicolay,en,P2,138,7,People and everyday life
nicolay_13,nicolay,en,P2,102,5,Politics and nation
nicolay_13,nicolay,en,P2,115,3,Place and movement
nicolay_13,nicolay,en,P2,108,3,Place and movement
nicolay_13,nicolay,en,P2,114,2,People and everyday life
nicolay_13,nicolay,en,P2,139,2,People and everyday life
nicolay_13,nicolay,en,P2,100,6,People and everyday life
nicolay_13,nicolay,en,P2,133,0,People and everyday life
nicolay_13,nicolay,en,P2,158,3,Place and movement
nicolay_13,nicolay,en,P2,122,6,People and everyday life
nicolay_13,nicolay,en,P2,107,3,Place and movement
nicolay_13,nicolay,en,P2,109,6,People and everyday life
nicolay_13,nicolay,en,P2,115,6,People and everyday life
nicolay_13,nicolay,en,P2,108,6,People and everyday life
nicolay_13,nicolay,en,P2,100,0,People and everyday life
nicolay_13,nicolay,en,P2,108,7,People and everyday life
nicolay_13,nicolay,en,P2,105,6,People and everyday life
nicolay_13,nicolay,en,P2,104,7,People and everyday life
nicolay_13,nicolay,en,P2,114,0,People and everyday life
nicolay_13,nicolay,en,P2,107,5,Politics and nation
nicolay_13,nicolay,en,P2,101,5,Politics and nation
nicolay_13,nicolay,en,P2,151,6,People and everyday life
nicolay_13,nicolay,en,P2,108,6,People and everyday life
nicolay_13,nicolay,en,P2,105,11,Politics and nation
nicolay_13,nicolay,en,P2,100,11,Politics and nation
nicolay_13,nicolay,en,P2,135,1,Politics and nation
nicolay_13,nicolay,en,P2,121,7,People and everyday life
nicolay_13,nicolay,en,P2,110,0,People and everyday life
nicolay_13,nicolay,en,P2,109,6,People and everyday life
nicolay_13,nicolay,en,P2,108,6,People and everyday life
nicolay_13,nicolay,en,P2,125,5,Politics and nation
nicolay_13,nicolay,en,P2,101,6,People and everyday life
nicolay_13,nicolay,en,P2,109,7,People and everyday life
nicolay_13,nicolay,en,P2,108,7,People and everyday life
nicolay_13,nicolay,en,P2,133,8,Place and movement
nicolay_13,nicolay,en,P2,120,6,People and everyday life
nicolay_13,nicolay,en,P2,121,0,People and everyday life
nicolay_13,nicolay,en,P2,123,6,People and everyday life
nicolay_13,nicolay,en,P2,109,0,People and everyday life
nicolay_13,nicolay,en,P2,107,0,People and everyday life
nicolay_13,nicolay,en,P2,100,11,Politics and nation
nicolay_13,nicolay,en,P2,111,6,People and everyday life
nicolay_13,nicolay,en,P2,111,11,Politics and nation
nicolay_13,nicolay,en,P2,111,7,People and everyday life
nicolay_13,nicolay,en,P2,117,0,People and everyday life
nicolay_13,nicolay,en,P2,113,6,People and everyday life
nicolay_13,nicolay,en,P2,115,7,People and everyday life
nicolay_13,nicolay,en,P2,118,0,People and everyday life
nicolay_13,nicolay,en,P2,110,11,Politics and nation
nicolay_13,nicolay,en,P2,122,11,Politics and nation
nicolay_13,nicolay,en,P2,103,11,Politics and nation
nicolay_13,nicolay,en,P2,120,11,Politics and nation
nicolay_13,nicolay,en,P2,120,3,Place and movement
nicolay_13,nicolay,en,P2,122,8,Place and movement
nicolay_13,nicolay,en,P2,108,7,People and everyday life
nicolay_13,nicolay,en,P2,132,7,People and everyday life
nicolay_13,nicolay,en,P2,118,4,War
nicolay_13,nicolay,en,P2,106,0,People and everyday life
nicolay_13,nicolay,en,P2,103,2,People and everyday life
nicolay_13,nicolay,en,P2,103,3,Place and movement
nicolay_13,nicolay,en,P2,101,0,People and everyday life
nicolay_13,nicolay,en,P2,111,2,People and everyday life
nicolay_13,nicolay,en,P2,117,11,Politics and nation
nicolay_13,nicolay,en,P2,118,5,Politics and nation
nicolay_13,nicolay,en,P2,127,0,People and everyday life
nicolay_13,nicolay,en,P2,102,11,Politics and nation
nicolay_13,nicolay,en,P2,109,3,Place and movement
nicolay_13,nicolay,en,P2,109,5,Politics and nation
nicolay_13,nicolay,en,P2,119,0,People and everyday life
nicolay_13,nicolay,en,P2,117,5,Politics and nation
nicolay_13,nicolay,en,P2,102,2,People and everyday life
nicolay_13,nicolay,en,P2,106,8,Place and movement
nicolay_13,nicolay,en,P2,121,8,Place and movement
nicolay_13,nicolay,en,P2,100,0,People and everyday life
nicolay_13,nicolay,en,P2,106,5,Politics and nation
nicolay_13,nicolay,en,P2,100,0,People and everyday life
nicolay_13,nicolay,en,P2,115,11,Politics and nation
nicolay_13,nicolay,en,P2,111,10,War
nicolay_13,nicolay,en,P2,113,4,War
nicolay_13,nicolay,en,P2,113,6,People and everyday life
nicolay_13,nicolay,en,P2,104,7,People and everyday life
nicolay_13,nicolay,en,P2,101,6,People and everyday life
nicolay_13,nicolay,en,P2,117,7,People and everyday life
nicolay_13,nicolay,en,P2,120,0,People and everyday life
nicolay_13,nicolay,en,P2,110,10,War
nicolay_13,nicolay,en,P2,109,7,People and everyday life
nicolay_13,nicolay,en,P2,100,7,People and everyday life
nicolay_13,nicolay,en,P2,118,7,People and everyday life
nicolay_13,nicolay,en,P2,127,0,People and everyday life
nicolay_13,nicolay,en,P2,111,8,Place and movement
nicolay_13,nicolay,en,P2,100,7,People and everyday life
nicolay_13,nicolay,en,P2,110,6,People and everyday life
nicolay_13,nicolay,en,P2,109,0,People and everyday life
nicolay_13,nicolay,en,P2,105,6,People and everyday life
nicolay_13,nicolay,en,P2,108,0,People and everyday life
nicolay_13,nicolay,en,P2,124,0,People and everyday life
nicolay_13,nicolay,en,P2,106,0,People and everyday life
nicolay_13,nicolay,en,P2,206,0,People and everyday life
nicolay_13,nicolay,en,P2,126,11,Politics and nation
nicolay_13,nicolay,en,P2,111,5,Politics and nation
nicolay_13,nicolay,en,P2,101,5,Politics and nation
nicolay_13,nicolay,en,P2,102,6,People and everyday life
nicolay_13,nicolay,en,P2,101,6,People and everyday life
nicolay_13,nicolay,en,P2,105,0,People and everyday life
nicolay_13,nicolay,en,P2,110,6,People and everyday life
nicolay_13,nicolay,en,P2,100,7,People and everyday life
nicolay_13,nicolay,en,P2,101,6,People and everyday life
nicolay_13,nicolay,en,P2,108,6,People and everyday life
nicolay_13,nicolay,en,P2,109,6,People and everyday life
nicolay_13,nicolay,en,P2,130,10,War
nicolay_13,nicolay,en,P2,109,6,People and everyday life
nicolay_13,nicolay,en,P2,115,0,People and everyday life
nicolay_13,nicolay,en,P2,117,11,Politics and nation
nicolay_13,nicolay,en,P2,111,3,Place and movement
nicolay_13,nicolay,en,P2,143,3,Place and movement
nicolay_13,nicolay,en,P2,103,4,War
nicolay_13,nicolay,en,P2,133,7,People and everyday life
nicolay_13,nicolay,en,P2,113,11,Politics and nation
nicolay_13,nicolay,en,P2,120,11,Politics and nation
nicolay_13,nicolay,en,P2,113,7,People and everyday life
nicolay_13,nicolay,en,P2,106,11,Politics and nation
nicolay_13,nicolay,en,P2,137,11,Politics and nation
nicolay_13,nicolay,en,P2,115,5,Politics and nation
nicolay_13,nicolay,en,P2,109,11,Politics and nation
nicolay_13,nicolay,en,P2,117,5,Politics and nation
nicolay_13,nicolay,en,P2,114,7,People and everyday life
nicolay_13,nicolay,en,P2,126,7,People and everyday life
nicolay_13,nicolay,en,P2,121,7,People and everyday life
nicolay_13,nicolay,en,P2,105,4,War
nicolay_13,nicolay,en,P2,104,3,Place and movement
nicolay_13,nicolay,en,P2,112,6,People and everyday life
nicolay_13,nicolay,en,P2,83,6,People and everyday life
miller_01,miller,en,P3,100,10,War
miller_01,miller,en,P3,113,10,War
miller_01,miller,en,P3,103,1,Politics and nation
miller_01,miller,en,P3,137,1,Politics and nation
miller_01,miller,en,P3,140,1,Politics and nation
miller_01,miller,en,P3,115,6,People and everyday life
miller_01,miller,en,P3,102,4,War
miller_01,miller,en,P3,105,10,War
miller_01,miller,en,P3,101,2,People and everyday life
miller_01,miller,en,P3,120,2,People and everyday life
miller_01,miller,en,P3,109,4,War
miller_01,miller,en,P3,103,2,People and everyday life
miller_01,miller,en,P3,105,8,Place and movement
miller_01,miller,en,P3,102,10,War
miller_01,miller,en,P3,103,2,People and everyday life
miller_01,miller,en,P3,109,4,War
miller_01,miller,en,P3,110,6,People and everyday life
miller_01,miller,en,P3,100,9,War
miller_01,miller,en,P3,110,9,War
miller_01,miller,en,P3,105,1,Politics and nation
miller_01,miller,en,P3,104,7,People and everyday life
miller_01,miller,en,P3,113,1,Politics and nation
miller_01,miller,en,P3,107,9,War
miller_01,miller,en,P3,110,9,War
miller_01,miller,en,P3,110,9,War
miller_01,miller,en,P3,107,2,People and everyday life
miller_01,miller,en,P3,100,8,Place and movement
miller_01,miller,en,P3,113,10,War
miller_01,miller,en,P3,106,7,People and everyday life
miller_01,miller,en,P3,100,9,War
miller_01,miller,en,P3,105,2,People and everyday life
miller_01,miller,en,P3,125,7,People and everyday life
miller_02,miller,en,P1,119,7,People and everyday life
miller_02,miller,en,P1,105,7,People and everyday life
miller_02,miller,en,P1,109,5,Politics and nation
miller_02,miller,en,P1,130,5,Politics and nation
miller_02,miller,en,P1,107,3,Place and movement
miller_02,miller,en,P1,100,8,Place and movement
miller_02,miller,en,P1,119,3,Place and movement
miller_02,miller,en,P1,142,7,People and everyday life
miller_02,miller,en,P1,118,8,Place and movement
miller_02,miller,en,P1,121,3,Place and movement
miller_02,miller,en,P1,103,6,People and everyday life
miller_02,miller,en,P1,116,3,Place and movement
miller_02,miller,en,P1,102,8,Place and movement
miller_02,miller,en,P1,110,8,Place and movement
miller_02,miller,en,P1,110,6,People and everyday life
miller_02,miller,en,P1,109,7,People and everyday life
miller_02,miller,en,P1,117,7,People and everyday life
miller_02,miller,en,P1,139,6,People and everyday life
miller_02,miller,en,P1,122,0,People and everyday life
miller_02,miller,en,P1,101,0,People and everyday life
miller_02,miller,en,P1,106,6,People and everyday life
miller_02,miller,en,P1,101,5,Politics and nation
miller_02,miller,en,P1,127,0,People and everyday life
miller_02,miller,en,P1,114,0,People and everyday life
miller_02,miller,en,P1,105,10,War
miller_02,miller,en,P1,102,7,People and everyday life
miller_02,miller,en,P1,112,3,Place and movement
miller_02,miller,en,P1,104,7,People and everyday life
miller_02,miller,en,P1,133,7,People and everyday life
miller_02,miller,en,P1,118,2,People and everyday life
miller_02,miller,en,P1,101,6,People and everyday life
miller_02,miller,en,P1,128,7,People and everyday life
miller_02,miller,en,P1,126,7,People and everyday life
miller_02,miller,en,P1,102,0,People and everyday life
miller_02,miller,en,P1,142,10,War
miller_02,miller,en,P1,154,7,People and everyday life
miller_02,miller,en,P1,110,7,People and everyday life
miller_02,miller,en,P1,117,6,People and everyday life
miller_02,miller,en,P1,101,0,People and everyday life
miller_02,miller,en,P1,103,7,People and everyday life
miller_02,miller,en,P1,106,7,People and everyday life
miller_02,miller,en,P1,110,2,People and everyday life
miller_02,miller,en,P1,114,2,People and everyday life
miller_02,miller,en,P1,117,8,Place and movement
miller_02,miller,en,P1,113,0,People and everyday life
miller_02,miller,en,P1,106,0,People and everyday life
miller_02,miller,en,P1,108,4,War
miller_02,miller,en,P1,109,3,Place and movement
miller_02,miller,en,P1,106,0,People and everyday life
miller_02,miller,en,P1,105,8,Place and movement
miller_02,miller,en,P1,106,7,People and everyday life
miller_02,miller,en,P1,134,7,People and everyday life
miller_02,miller,en,P1,107,6,People and everyday life
miller_02,miller,en,P1,114,10,War
miller_02,miller,en,P1,119,0,People and everyday life
miller_02,miller,en,P1,107,0,People and everyday life
miller_02,miller,en,P1,140,0,People and everyday life
miller_02,miller,en,P1,112,0,People and everyday life
miller_02,miller,en,P1,103,0,People and everyday life
miller_02,miller,en,P1,145,10,War
miller_02,miller,en,P1,120,9,War
miller_02,miller,en,P1,117,3,Place and movement
miller_02,miller,en,P1,106,3,Place and movement
miller_02,miller,en,P1,122,3,Place and movement
miller_02,miller,en,P1,122,0,People and everyday life
miller_02,miller,en,P1,112,3,Place and movement
miller_02,miller,en,P1,113,3,Place and movement
miller_02,miller,en,P1,121,7,People and everyday life
miller_02,miller,en,P1,114,9,War
miller_02,miller,en,P1,101,10,War
miller_02,miller,en,P1,118,4,War
miller_02,miller,en,P1,113,5,Politics and nation
miller_02,miller,en,P1,106,11,Politics and nation
miller_02,miller,en,P1,107,5,Politics and nation
miller_02,miller,en,P1,140,5,Politics and nation
miller_02,miller,en,P1,102,5,Politics and nation
miller_02,miller,en,P1,112,11,Politics and nation
miller_02,miller,en,P1,54,6,People and everyday life
miller_03,miller,en,P1,103,0,People and everyday life
miller_03,miller,en,P1,118,0,People and everyday life
miller_03,miller,en,P1,107,0,People and everyday life
miller_03,miller,en,P1,123,0,People and everyday life
miller_03,miller,en,P1,105,11,Politics and nation
miller_03,miller,en,P1,112,11,Politics and nation
miller_03,miller,en,P1,112,0,People and everyday life
miller_03,miller,en,P1,108,7,People and everyday life
miller_03,miller,en,P1,112,6,People and everyday life
miller_03,miller,en,P1,107,0,People and everyday life
miller_03,miller,en,P1,108,7,People and everyday life
miller_03,miller,en,P1,103,0,People and everyday life
miller_03,miller,en,P1,124,0,People and everyday life
miller_03,miller,en,P1,128,0,People and everyday life
miller_03,miller,en,P1,111,0,People and everyday life
miller_03,miller,en,P1,111,2,People and everyday life
miller_03,miller,en,P1,105,0,People and everyday life
miller_03,miller,en,P1,110,0,People and everyday life
miller_03,miller,en,P1,100,7,People and everyday life
miller_03,miller,en,P1,116,0,People and everyday life
miller_03,miller,en,P1,133,0,People and everyday life
miller_03,miller,en,P1,128,0,People and everyday life
miller_03,miller,en,P1,118,5,Politics and nation
miller_03,miller,en,P1,101,11,Politics and nation
miller_03,miller,en,P1,101,5,Politics and nation
miller_03,miller,en,P1,105,5,Politics and nation
miller_03,miller,en,P1,106,5,Politics and nation
miller_03,miller,en,P1,102,0,People and everyday life
miller_03,miller,en,P1,130,8,Place and movement
miller_03,miller,en,P1,113,8,Place and movement
miller_03,miller,en,P1,108,2,People and everyday life
miller_03,miller,en,P1,106,2,People and everyday life
miller_03,miller,en,P1,110,2,People and everyday life
miller_03,miller,en,P1,108,2,People and everyday life
miller_03,miller,en,P1,100,0,People and everyday life
miller_03,miller,en,P1,109,0,People and everyday life
miller_03,miller,en,P1,105,0,People and everyday life
miller_03,miller,en,P1,100,0,People and everyday life
miller_03,miller,en,P1,109,7,People and everyday life
miller_03,miller,en,P1,108,0,People and everyday life
miller_03,miller,en,P1,102,0,People and everyday life
miller_03,miller,en,P1,103,6,People and everyday life
miller_03,miller,en,P1,115,0,People and everyday life
miller_03,miller,en,P1,113,7,People and everyday life
miller_03,miller,en,P1,106,0,People and everyday life
miller_03,miller,en,P1,110,0,People and everyday life
miller_03,miller,en,P1,108,7,People and everyday life
miller_03,miller,en,P1,131,7,People and everyday life
miller_03,miller,en,P1,124,7,People and everyday life
miller_03,miller,en,P1,110,7,People and everyday life
miller_03,miller,en,P1,118,6,People and everyday life
miller_03,miller,en,P1,120,2,People and everyday life
miller_03,miller,en,P1,106,5,Politics and nation
miller_03,miller,en,P1,124,0,People and everyday life
miller_03,miller,en,P1,105,0,People and everyday life
miller_03,miller,en,P1,111,7,People and everyday life
miller_03,miller,en,P1,103,7,People and everyday life
miller_03,miller,en,P1,105,7,People and everyday life
miller_03,miller,en,P1,120,7,People and everyday life
miller_03,miller,en,P1,122,6,People and everyday life
miller_03,miller,en,P1,110,6,People and everyday life
miller_03,miller,en,P1,115,6,People and everyday life
miller_03,miller,en,P1,102,7,People and everyday life
miller_03,miller,en,P1,108,7,People and everyday life
miller_03,miller,en,P1,114,0,People and everyday life
miller_03,miller,en,P1,144,0,People and everyday life
miller_03,miller,en,P1,119,7,People and everyday life
miller_03,miller,en,P1,105,0,People and everyday life
miller_03,miller,en,P1,121,0,People and everyday life
miller_03,miller,en,P1,147,0,People and everyday life
miller_03,miller,en,P1,121,0,People and everyday life
miller_03,miller,en,P1,114,7,People and everyday life
miller_03,miller,en,P1,105,7,People and everyday life
miller_03,miller,en,P1,145,7,People and everyday life
miller_03,miller,en,P1,101,4,War
miller_03,miller,en,P1,105,3,Place and movement
miller_03,miller,en,P1,157,0,People and everyday life
miller_03,miller,en,P1,78,7,People and everyday life
miller_04,miller,en,P1,116,5,Politics and nation
miller_04,miller,en,P1,100,7,People and everyday life
miller_04,miller,en,P1,136,0,People and everyday life
miller_04,miller,en,P1,146,3,Place and movement
miller_04,miller,en,P1,123,11,Politics and nation
miller_04,miller,en,P1,138,6,People and everyday life
miller_04,miller,en,P1,134,6,People and everyday life
miller_04,miller,en,P1,108,3,Place and movement
miller_04,miller,en,P1,114,11,Politics and nation
miller_04,miller,en,P1,120,5,Politics and nation
miller_04,miller,en,P1,105,11,Politics and nation
miller_04,miller,en,P1,153,10,War
miller_04,miller,en,P1,110,11,Politics and nation
miller_04,miller,en,P1,110,11,Politics and nation
miller_04,miller,en,P1,129,5,Politics and nation
miller_04,miller,en,P1,119,11,Politics and nation
miller_04,miller,en,P1,106,10,War
miller_04,miller,en,P1,104,11,Politics and nation
miller_04,miller,en,P1,108,10,War
miller_04,miller,en,P1,100,10,War
miller_04,miller,en,P1,120,11,Politics and nation
miller_04,miller,en,P1,112,10,War
miller_04,miller,en,P1,122,11,Politics and nation
miller_04,miller,en,P1,108,11,Politics and nation
miller_04,miller,en,P1,114,11,Politics and nation
miller_04,miller,en,P1,114,7,People and everyday life
miller_04,miller,en,P1,119,11,Politics and nation
miller_04,miller,en,P1,100,11,Politics and nation
miller_04,miller,en,P1,105,11,Politics and nation
miller_04,miller,en,P1,111,11,Politics and nation
miller_04,miller,en,P1,102,5,Politics and nation
miller_04,miller,en,P1,118,11,Politics and nation
miller_04,miller,en,P1,111,10,War
miller_04,miller,en,P1,108,8,Place and movement
miller_04,miller,en,P1,103,2,People and everyday life
miller_04,miller,en,P1,144,4,War
miller_04,miller,en,P1,118,1,Politics and nation
miller_04,miller,en,P1,110,6,People and everyday life
miller_04,miller,en,P1,125,10,War
miller_04,miller,en,P1,113,3,Place and movement
miller_04,miller,en,P1,108,0,People and everyday life
miller_04,miller,en,P1,101,8,Place and movement
miller_04,miller,en,P1,107,11,Politics and nation
miller_04,miller,en,P1,105,11,Politics and nation
miller_04,miller,en,P1,137,11,Politics and nation
miller_04,miller,en,P1,123,11,Politics and nation
miller_04,miller,en,P1,115,11,Politics and nation
miller_04,miller,en,P1,119,11,Politics and nation
miller_04,miller,en,P1,102,11,Politics and nation
miller_04,miller,en,P1,108,0,People and everyday life
miller_04,miller,en,P1,101,11,Politics and nation
miller_04,miller,en,P1,107,11,Politics and nation
miller_04,miller,en,P1,110,10,War
miller_04,miller,en,P1,132,10,War
miller_04,miller,en,P1,111,1,Politics and nation
miller_04,miller,en,P1,142,1,Politics and nation
miller_04,miller,en,P1,117,10,War
miller_04,miller,en,P1,140,1,Politics and nation
miller_04,miller,en,P1,110,1,Politics and nation
miller_04,miller,en,P1,113,3,Place and movement
miller_04,miller,en,P1,101,3,Place and movement
miller_04,miller,en,P1,153,3,Place and movement
miller_04,miller,en,P1,116,3,Place and movement
miller_04,miller,en,P1,111,3,Place and movement
miller_04,miller,en,P1,117,3,Place and movement
miller_04,miller,en,P1,129,7,People and everyday life
miller_04,miller,en,P1,123,7,People and everyday life
miller_04,miller,en,P1,109,0,People and everyday life
miller_04,miller,en,P1,106,6,People and everyday life
miller_04,miller,en,P1,125,4,War
miller_04,miller,en,P1,115,10,War
miller_04,miller,en,P1,108,3,Place and movement
miller_04,miller,en,P1,109,6,People and everyday life
miller_04,miller,en,P1,103,3,Place and movement
miller_04,miller,en,P1,110,4,War
miller_04,miller,en,P1,107,7,People and everyday life
miller_04,miller,en,P1,112,6,People and everyday life
miller_04,miller,en,P1,110,6,People and everyday life
miller_04,miller,en,P1,108,6,People and everyday life
miller_04,miller,en,P1,139,6,People and everyday life
miller_04,miller,en,P1,101,8,Place and movement
miller_04,miller,en,P1,109,7,People and everyday life
miller_04,miller,en,P1,105,6,People and everyday life
miller_04,miller,en,P1,120,10,War
miller_04,miller,en,P1,103,7,People and everyday life
miller_04,miller,en,P1,107,3,Place and movement
miller_04,miller,en,P1,114,3,Place and movement
miller_04,miller,en,P1,111,7,People and everyday life
miller_04,miller,en,P1,115,0,People and everyday life
miller_04,miller,en,P1,109,2,People and everyday life
miller_04,miller,en,P1,108,5,Politics and nation
miller_04,miller,en,P1,106,5,Politics and nation
miller_04,miller,en,P1,106,5,Politics and nation
miller_04,miller,en,P1,69,0,People and everyday life
miller_05,miller,en,P1,106,3,Place and movement
miller_05,miller,en,P1,140,8,Place and movement
miller_05,miller,en,P1,132,7,People and everyday life
miller_05,miller,en,P1,119,8,Place and movement
miller_05,miller,en,P1,114,8,Place and movement
miller_05,miller,en,P1,101,11,Politics and nation
miller_05,miller,en,P1,110,0,People and everyday life
miller_05,miller,en,P1,114,11,Politics and nation
miller_05,miller,en,P1,111,8,Place and movement
miller_05,miller,en,P1,127,0,People and everyday life
miller_05,miller,en,P1,114,2,People and everyday life
miller_05,miller,en,P1,105,0,People and everyday life
miller_05,miller,en,P1,110,7,People and everyday life
miller_05,miller,en,P1,117,8,Place and movement
miller_05,miller,en,P1,110,11,Politics and nation
miller_05,miller,en,P1,116,11,Politics and nation
miller_05,miller,en,P1,111,8,Place and movement
miller_05,miller,en,P1,105,10,War
miller_05,miller,en,P1,135,4,War
miller_05,miller,en,P1,108,1,Politics and nation
miller_05,miller,en,P1,118,0,People and everyday life
miller_05,miller,en,P1,106,6,People and everyday life
miller_05,miller,en,P1,109,6,People and everyday life
miller_05,miller,en,P1,113,6,People and everyday life
miller_05,miller,en,P1,100,5,Politics and nation
miller_05,miller,en,P1,103,1,Politics and nation
miller_06,miller,en,P2,105,5,Politics and nation
miller_06,miller,en,P2,121,5,Politics and nation
miller_06,miller,en,P2,100,5,Politics and nation
miller_06,miller,en,P2,105,0,People and everyday life
miller_06,miller,en,P2,133,11,Politics and nation
miller_06,miller,en,P2,116,3,Place and movement
miller_06,miller,en,P2,119,5,Politics and nation
miller_06,miller,en,P2,124,1,Politics and nation
miller_06,miller,en,P2,103,5,Politics and nation
miller_06,miller,en,P2,101,5,Politics and nation
miller_06,miller,en,P2,111,5,Politics and nation
miller_06,miller,en,P2,114,11,Politics and nation
miller_06,miller,en,P2,119,11,Politics and nation
miller_06,miller,en,P2,119,5,Politics and nation
miller_06,miller,en,P2,109,11,Politics and nation
miller_06,miller,en,P2,139,11,Politics and nation
miller_06,miller,en,P2,122,11,Politics and nation
miller_06,miller,en,P2,105,5,Politics and nation
miller_06,miller,en,P2,113,4,War
miller_06,miller,en,P2,104,4,War
miller_06,miller,en,P2,117,11,Politics and nation
miller_06,miller,en,P2,103,3,Place and movement
miller_06,miller,en,P2,103,11,Politics and nation
miller_06,miller,en,P2,130,4,War
miller_06,miller,en,P2,113,11,Politics and nation
miller_06,miller,en,P2,126,11,Politics and nation
miller_06,miller,en,P2,102,11,Politics and nation
miller_06,miller,en,P2,123,4,War
miller_06,miller,en,P2,100,4,War
miller_06,miller,en,P2,106,4,War
miller_06,miller,en,P2,134,5,Politics and nation
miller_06,miller,en,P2,100,11,Politics and nation
miller_06,miller,en,P2,106,5,Politics and nation
miller_06,miller,en,P2,147,3,Place and movement
miller_06,miller,en,P2,102,8,Place and movement
miller_06,miller,en,P2,111,11,Politics and nation
miller_06,miller,en,P2,119,1,Politics and nation
miller_06,miller,en,P2,106,7,People and everyday life
miller_06,miller,en,P2,115,7,People and everyday life
miller_06,miller,en,P2,103,7,People and everyday life
miller_06,miller,en,P2,108,0,People and everyday life
miller_06,miller,en,P2,123,3,Place and movement
miller_06,miller,en,P2,124,3,Place and movement
miller_06,miller,en,P2,110,7,People and everyday life
miller_06,miller,en,P2,100,7,People and everyday life
miller_06,miller,en,P2,110,3,Place and movement
miller_06,miller,en,P2,128,8,Place and movement
miller_06,miller,en,P2,115,8,Place and movement
miller_06,miller,en,P2,115,11,Politics and nation
miller_06,miller,en,P2,110,0,People and everyday life
miller_06,miller,en,P2,110,0,People and everyday life
miller_06,miller,en,P2,106,5,Politics and nation
miller_06,miller,en,P2,116,5,Politics and nation
miller_06,miller,en,P2,109,11,Politics and nation
miller_06,miller,en,P2,109,1,Politics and nation
miller_06,miller,en,P2,121,11,Politics and nation
miller_06,miller,en,P2,113,5,Politics and nation
miller_06,miller,en,P2,124,11,Politics and nation
miller_06,miller,en,P2,103,5,Politics and nation
miller_06,miller,en,P2,109,11,Politics and nation
miller_06,miller,en,P2,118,11,Politics and nation
miller_06,miller,en,P2,104,11,Politics and nation
miller_06,miller,en,P2,146,5,Politics and nation
miller_06,miller,en,P2,117,11,Politics and nation
miller_06,miller,en,P2,108,5,Politics and nation
miller_06,miller,en,P2,106,10,War
miller_06,miller,en,P2,110,5,Politics and nation
miller_06,miller,en,P2,104,0,People and everyday life
miller_06,miller,en,P2,105,6,People and everyday life
miller_06,miller,en,P2,110,4,War
miller_06,miller,en,P2,111,3,Place and movement
miller_06,miller,en,P2,111,5,Politics and nation
miller_06,miller,en,P2,123,5,Politics and nation
miller_06,miller,en,P2,111,7,People and everyday life
miller_06,miller,en,P2,120,6,People and everyday life
miller_06,miller,en,P2,108,6,People and everyday life
miller_06,miller,en,P2,103,0,People and everyday life
miller_06,miller,en,P2,102,0,People and everyday life
miller_06,miller,en,P2,121,5,Politics and nation
miller_06,miller,en,P2,106,11,Politics and nation
miller_06,miller,en,P2,101,7,People and everyday life
miller_06,miller,en,P2,119,10,War
miller_06,miller,en,P2,111,6,People and everyday life
miller_06,miller,en,P2,126,5,Politics and nation
miller_06,miller,en,P2,100,11,Politics and nation
miller_06,miller,en,P2,100,11,Politics and nation
miller_06,miller,en,P2,103,4,War
miller_06,miller,en,P2,106,11,Politics and nation
miller_06,miller,en,P2,110,11,Politics and nation
miller_06,miller,en,P2,115,11,Politics and nation
miller_06,miller,en,P2,100,8,Place and movement
miller_06,miller,en,P2,104,11,Politics and nation
miller_06,miller,en,P2,109,4,War
miller_06,miller,en,P2,113,11,Politics and nation
miller_06,miller,en,P2,128,5,Politics and nation
miller_06,miller,en,P2,107,11,Politics and nation
miller_06,miller,en,P2,104,4,War
miller_06,miller,en,P2,127,4,War
miller_06,miller,en,P2,114,4,War
miller_06,miller,en,P2,107,11,Politics and nation
miller_06,miller,en,P2,106,11,Politics and nation
miller_06,miller,en,P2,104,1,Politics and nation
miller_06,miller,en,P2,105,11,Politics and nation
miller_06,miller,en,P2,131,10,War
miller_06,miller,en,P2,102,10,War
miller_06,miller,en,P2,122,10,War
miller_06,miller,en,P2,121,1,Politics and nation
miller_06,miller,en,P2,107,10,War
miller_06,miller,en,P2,104,11,Politics and nation
miller_06,miller,en,P2,108,11,Politics and nation
miller_06,miller,en,P2,104,4,War
miller_06,miller,en,P2,112,4,War
miller_06,miller,en,P2,119,4,War
miller_06,miller,en,P2,116,7,People and everyday life
miller_06,miller,en,P2,106,4,War
miller_06,miller,en,P2,107,4,War
miller_06,miller,en,P2,130,4,War
miller_06,miller,en,P2,106,11,Politics and nation
miller_06,miller,en,P2,112,10,War
miller_06,miller,en,P2,109,5,Politics and nation
miller_06,miller,en,P2,124,10,War
miller_06,miller,en,P2,107,11,Politics and nation
miller_06,miller,en,P2,102,11,Politics and nation
miller_06,miller,en,P2,115,11,Politics and nation
miller_06,miller,en,P2,131,11,Politics and nation
miller_06,miller,en,P2,120,11,Politics and nation
miller_06,miller,en,P2,109,11,Politics and nation
miller_06,miller,en,P2,118,8,Place and movement
miller_06,miller,en,P2,122,3,Place and movement
miller_06,miller,en,P2,103,4,War
miller_06,miller,en,P2,121,4,War
miller_06,miller,en,P2,106,4,War
miller_06,miller,en,P2,103,4,War
miller_06,miller,en,P2,108,4,War
miller_06,miller,en,P2,116,4,War
miller_06,miller,en,P2,101,4,War
miller_06,miller,en,P2,107,4,War
miller_06,miller,en,P2,102,4,War
miller_06,miller,en,P2,106,10,War
miller_06,miller,en,P2,117,4,War
miller_06,miller,en,P2,115,4,War
miller_06,miller,en,P2,116,4,War
miller_06,miller,en,P2,102,6,People and everyday life
miller_06,miller,en,P2,102,6,People and everyday life
miller_06,miller,en,P2,106,10,War
miller_06,miller,en,P2,112,10,War
miller_06,miller,en,P2,138,4,War
miller_06,miller,en,P2,129,4,War
miller_06,miller,en,P2,133,11,Politics and nation
miller_06,miller,en,P2,107,11,Politics and nation
miller_06,miller,en,P2,112,11,Politics and nation
miller_06,miller,en,P2,127,11,Politics and nation
miller_06,miller,en,P2,121,3,Place and movement
miller_06,miller,en,P2,139,3,Place and movement
miller_06,miller,en,P2,101,3,Place and movement
miller_06,miller,en,P2,104,11,Politics and nation
miller_06,miller,en,P2,121,11,Politics and nation
miller_06,miller,en,P2,108,9,War
miller_06,miller,en,P2,119,1,Politics and nation
miller_06,miller,en,P2,74,1,Politics and nation
miller_07,miller,en,P2,162,1,Politics and nation
miller_07,miller,en,P2,100,1,Politics and nation
miller_07,miller,en,P2,118,1,Politics and nation
miller_07,miller,en,P2,103,1,Politics and nation
miller_07,miller,en,P2,101,1,Politics and nation
miller_07,miller,en,P2,106,1,Politics and nation
miller_07,miller,en,P2,102,10,War
miller_07,miller,en,P2,115,10,War
miller_07,miller,en,P2,112,9,War
miller_07,miller,en,P2,141,9,War
miller_07,miller,en,P2,121,11,Politics and nation
miller_07,miller,en,P2,105,1,Politics and nation
miller_07,miller,en,P2,116,1,Politics and nation
miller_07,miller,en,P2,105,9,War
miller_07,miller,en,P2,101,9,War
miller_07,miller,en,P2,102,6,People and everyday life
miller_07,miller,en,P2,102,8,Place and movement
miller_07,miller,en,P2,114,8,Place and movement
miller_07,miller,en,P2,107,3,Place and movement
miller_07,miller,en,P2,101,1,Politics and nation
miller_07,miller,en,P2,124,3,Place and movement
miller_07,miller,en,P2,101,3,Place and movement
miller_07,miller,en,P2,122,5,Politics and nation
miller_07,miller,en,P2,103,1,Politics and nation
miller_07,miller,en,P2,131,9,War
miller_07,miller,en,P2,102,1,Politics and nation
miller_07,miller,en,P2,106,1,Politics and nation
miller_07,miller,en,P2,119,10,War
miller_07,miller,en,P2,102,9,War
miller_07,miller,en,P2,111,1,Politics and nation
miller_07,miller,en,P2,118,1,Politics and nation
miller_07,miller,en,P2,100,10,War
miller_07,miller,en,P2,100,5,Politics and nation
miller_07,miller,en,P2,100,9,War
miller_07,miller,en,P2,133,10,War
miller_07,miller,en,P2,116,9,War
miller_07,miller,en,P2,106,1,Politics and nation
miller_07,miller,en,P2,109,10,War
miller_07,miller,en,P2,115,4,War
miller_07,miller,en,P2,109,10,War
miller_07,miller,en,P2,104,10,War
miller_07,miller,en,P2,107,11,Politics and nation
miller_07,miller,en,P2,105,10,War
miller_07,miller,en,P2,106,5,Politics and nation
miller_07,miller,en,P2,102,11,Politics and nation
miller_07,miller,en,P2,110,1,Politics and nation
miller_07,miller,en,P2,110,9,War
miller_07,miller,en,P2,103,1,Politics and nation
miller_07,miller,en,P2,111,4,War
miller_07,miller,en,P2,108,1,Politics and nation
miller_07,miller,en,P2,110,9,War
miller_07,miller,en,P2,132,4,War
miller_07,miller,en,P2,101,10,War
miller_07,miller,en,P2,110,3,Place and movement
miller_07,miller,en,P2,124,1,Politics and nation
miller_07,miller,en,P2,103,9,War
miller_07,miller,en,P2,109,3,Place and movement
miller_07,miller,en,P2,104,3,Place and movement
miller_07,miller,en,P2,105,8,Place and movement
miller_07,miller,en,P2,124,10,War
miller_07,miller,en,P2,125,5,Politics and nation
miller_07,miller,en,P2,105,4,War
miller_08,miller,en,P2,142,5,Politics and nation
miller_08,miller,en,P2,120,11,Politics and nation
miller_08,miller,en,P2,102,8,Place and movement
miller_08,miller,en,P2,105,1,Politics and nation
miller_08,miller,en,P2,102,1,Politics and nation
miller_08,miller,en,P2,108,5,Politics and nation
miller_08,miller,en,P2,131,1,Politics and nation
miller_08,miller,en,P2,120,11,Politics and nation
miller_08,miller,en,P2,112,1,Politics and nation
miller_08,miller,en,P2,103,1,Politics and nation
miller_08,miller,en,P2,110,1,Politics and nation
miller_08,miller,en,P2,111,1,Politics and nation
miller_08,miller,en,P2,114,9,War
miller_08,miller,en,P2,115,5,Politics and nation
miller_08,miller,en,P2,123,1,Politics and nation
miller_08,miller,en,P2,100,1,Politics and nation
miller_08,miller,en,P2,100,5,Politics and nation
miller_09,miller,en,P2,110,1,Politics and nation
miller_09,miller,en,P2,105,11,Politics and nation
miller_09,miller,en,P2,108,11,Politics and nation
miller_09,miller,en,P2,102,11,Politics and nation
miller_09,miller,en,P2,107,1,Politics and nation
miller_09,miller,en,P2,146,11,Politics and nation
miller_09,miller,en,P2,107,1,Politics and nation
miller_09,miller,en,P2,112,11,Politics and nation
miller_09,miller,en,P2,106,1,Politics and nation
miller_09,miller,en,P2,109,1,Politics and nation
miller_09,miller,en,P2,109,1,Politics and nation
miller_09,miller,en,P2,155,9,War
miller_09,miller,en,P2,102,1,Politics and nation
miller_09,miller,en,P2,118,9,War
miller_09,miller,en,P2,107,11,Politics and nation
miller_09,miller,en,P2,108,9,War
miller_09,miller,en,P2,106,9,War
miller_09,miller,en,P2,107,3,Place and movement
miller_09,miller,en,P2,135,4,War
miller_09,miller,en,P2,115,1,Politics and nation
miller_09,miller,en,P2,107,6,People and everyday life
miller_09,miller,en,P2,103,10,War
miller_09,miller,en,P2,100,10,War
miller_09,miller,en,P2,128,9,War
miller_09,miller,en,P2,104,5,Politics and nation
miller_09,miller,en,P2,103,9,War
miller_09,miller,en,P2,106,4,War
miller_09,miller,en,P2,110,4,War
miller_10,miller,en,P2,121,3,Place and movement
miller_10,miller,en,P2,103,8,Place and movement
miller_10,miller,en,P2,112,6,People and everyday life
miller_10,miller,en,P2,109,7,People and everyday life
miller_10,miller,en,P2,113,10,War
miller_10,miller,en,P2,126,6,People and everyday life
miller_10,miller,en,P2,101,6,People and everyday life
miller_10,miller,en,P2,110,6,People and everyday life
miller_10,miller,en,P2,117,2,People and everyday life
miller_10,miller,en,P2,102,4,War
miller_10,miller,en,P2,112,4,War
miller_10,miller,en,P2,100,6,People and everyday life
miller_10,miller,en,P2,106,3,Place and movement
miller_10,miller,en,P2,159,0,People and everyday life
miller_10,miller,en,P2,101,1,Politics and nation
miller_10,miller,en,P2,103,5,Politics and nation
miller_10,miller,en,P2,116,1,Politics and nation
miller_10,miller,en,P2,122,10,War
miller_10,miller,en,P2,116,4,War
miller_10,miller,en,P2,104,8,Place and movement
miller_10,miller,en,P2,104,6,People and everyday life
miller_10,miller,en,P2,112,6,People and everyday life
miller_10,miller,en,P2,110,1,Politics and nation
miller_10,miller,en,P2,54,10,War
miller_11,miller,en,P2,106,11,Politics and nation
miller_11,miller,en,P2,103,11,Politics and nation
miller_11,miller,en,P2,106,1,Politics and nation
miller_11,miller,en,P2,103,9,War
miller_11,miller,en,P2,114,3,Place and movement
miller_11,miller,en,P2,104,4,War
miller_11,miller,en,P2,109,10,War
miller_11,miller,en,P2,103,9,War
miller_11,miller,en,P2,105,11,Politics and nation
miller_11,miller,en,P2,103,11,Politics and nation
miller_11,miller,en,P2,116,11,Politics and nation
miller_11,miller,en,P2,102,11,Politics and nation
miller_11,miller,en,P2,131,11,Politics and nation
miller_11,miller,en,P2,115,11,Politics and nation
miller_11,miller,en,P2,111,11,Politics and nation
miller_11,miller,en,P2,108,11,Politics and nation
miller_11,miller,en,P2,106,11,Politics and nation
miller_11,miller,en,P2,114,4,War
miller_11,miller,en,P2,103,10,War
miller_11,miller,en,P2,106,6,People and everyday life
miller_11,miller,en,P2,117,9,War
miller_11,miller,en,P2,110,3,Place and movement
miller_11,miller,en,P2,104,10,War
miller_11,miller,en,P2,118,8,Place and movement
miller_11,miller,en,P2,117,9,War
miller_11,miller,en,P2,106,9,War
miller_12,miller,en,P2,107,4,War
miller_12,miller,en,P2,118,9,War
miller_12,miller,en,P2,103,4,War
miller_12,miller,en,P2,107,4,War
miller_12,miller,en,P2,116,4,War
miller_12,miller,en,P2,115,4,War
miller_12,miller,en,P2,105,4,War
miller_12,miller,en,P2,107,11,Politics and nation
miller_12,miller,en,P2,104,2,People and everyday life
miller_12,miller,en,P2,128,10,War
miller_12,miller,en,P2,107,11,Politics and nation
miller_13,miller,en,P2,117,10,War
miller_13,miller,en,P2,126,11,Politics and nation
miller_13,miller,en,P2,112,4,War
miller_13,miller,en,P2,109,4,War
miller_13,miller,en,P2,135,9,War
miller_13,miller,en,P2,104,7,People and everyday life
miller_13,miller,en,P2,116,4,War
miller_13,miller,en,P2,123,11,Politics and nation
miller_13,miller,en,P2,108,5,Politics and nation
miller_13,miller,en,P2,111,4,War
miller_14,miller,en,P2,104,11,Politics and nation
miller_14,miller,en,P2,113,11,Politics and nation
miller_14,miller,en,P2,102,11,Politics and nation
miller_14,miller,en,P2,101,5,Politics and nation
miller_14,miller,en,P2,100,11,Politics and nation
miller_14,miller,en,P2,109,11,Politics and nation
miller_14,miller,en,P2,101,4,War
miller_14,miller,en,P2,116,11,Politics and nation
miller_14,miller,en,P2,127,9,War
miller_14,miller,en,P2,117,6,People and everyday life
miller_14,miller,en,P2,119,4,War
miller_14,miller,en,P2,111,4,War
miller_14,miller,en,P2,116,4,War
miller_14,miller,en,P2,119,4,War
miller_14,miller,en,P2,111,4,War
miller_14,miller,en,P2,101,9,War
miller_14,miller,en,P2,101,6,People and everyday life
miller_14,miller,en,P2,102,4,War
miller_14,miller,en,P2,124,10,War
miller_14,miller,en,P2,116,10,War
miller_14,miller,en,P2,79,4,War
miller_15,miller,en,P2,117,9,War
miller_15,miller,en,P2,114,9,War
miller_15,miller,en,P2,112,4,War
miller_15,miller,en,P2,101,7,People and everyday life
miller_15,miller,en,P2,118,4,War
miller_15,miller,en,P2,123,9,War
miller_15,miller,en,P2,101,7,People and everyday life
miller_15,miller,en,P2,109,10,War
miller_15,miller,en,P2,115,10,War
miller_15,miller,en,P2,134,10,War
miller_15,miller,en,P2,121,1,Politics and nation
miller_15,miller,en,P2,102,10,War
miller_15,miller,en,P2,112,10,War
miller_15,miller,en,P2,133,10,War
miller_15,miller,en,P2,101,2,People and everyday life
miller_15,miller,en,P2,100,6,People and everyday life
miller_15,miller,en,P2,100,6,People and everyday life
miller_15,miller,en,P2,106,4,War
miller_15,miller,en,P2,101,4,War
miller_16,miller,en,P2,100,9,War
miller_16,miller,en,P2,108,9,War
miller_16,miller,en,P2,113,4,War
miller_16,miller,en,P2,126,8,Place and movement
miller_16,miller,en,P2,114,7,People and everyday life
miller_16,miller,en,P2,115,8,Place and movement
miller_16,miller,en,P2,139,9,War
miller_16,miller,en,P2,120,8,Place and movement
miller_16,miller,en,P2,104,2,People and everyday life
miller_16,miller,en,P2,109,4,War
miller_16,miller,en,P2,107,4,War
miller_16,miller,en,P2,107,4,War
miller_16,miller,en,P2,117,7,People and everyday life
miller_16,miller,en,P2,110,7,People and everyday life
miller_16,miller,en,P2,114,4,War
miller_16,miller,en,P2,100,9,War
miller_16,miller,en,P2,118,4,War
miller_17,miller,en,P2,114,4,War
miller_17,miller,en,P2,102,4,War
miller_17,miller,en,P2,106,8,Place and movement
miller_17,miller,en,P2,130,4,War
miller_17,miller,en,P2,107,9,War
miller_17,miller,en,P2,110,9,War
miller_17,miller,en,P2,106,4,War
miller_17,miller,en,P2,103,6,People and everyday life
miller_17,miller,en,P2,105,6,People and everyday life
miller_17,miller,en,P2,125,4,War
miller_17,miller,en,P2,123,7,People and everyday life
miller_17,miller,en,P2,103,4,War
miller_17,miller,en,P2,102,4,War
miller_17,miller,en,P2,119,7,People and everyday life
miller_17,miller,en,P2,108,4,War
miller_17,miller,en,P2,101,10,War
miller_17,miller,en,P2,85,10,War
miller_18,miller,en,P2,119,4,War
miller_18,miller,en,P2,119,5,Politics and nation
miller_18,miller,en,P2,129,5,Politics and nation
miller_18,miller,en,P2,114,2,People and everyday life
miller_18,miller,en,P2,102,9,War
miller_18,miller,en,P2,126,2,People and everyday life
miller_18,miller,en,P2,115,10,War
miller_18,miller,en,P2,114,2,People and everyday life
miller_18,miller,en,P2,115,9,War
miller_18,miller,en,P2,117,9,War
miller_18,miller,en,P2,124,2,People and everyday life
miller_18,miller,en,P2,103,2,People and everyday life
miller_18,miller,en,P2,106,8,Place and movement
miller_18,miller,en,P2,113,9,War
miller_18,miller,en,P2,105,4,War
miller_18,miller,en,P2,105,4,War
miller_18,miller,en,P2,100,4,War
miller_18,miller,en,P2,101,4,War
miller_18,miller,en,P2,106,1,Politics and nation
miller_18,miller,en,P2,101,8,Place and movement
miller_18,miller,en,P2,106,4,War
miller_18,miller,en,P2,111,4,War
miller_19,miller,en,P2,107,9,War
miller_19,miller,en,P2,104,6,People and everyday life
miller_19,miller,en,P2,100,2,People and everyday life
miller_19,miller,en,P2,113,9,War
miller_19,miller,en,P2,106,9,War
miller_19,miller,en,P2,116,3,Place and movement
miller_19,miller,en,P2,108,7,People and everyday life
miller_19,miller,en,P2,111,7,People and everyday life
miller_19,miller,en,P2,115,7,People and everyday life
miller_19,miller,en,P2,116,6,People and everyday life
miller_19,miller,en,P2,117,6,People and everyday life
miller_19,miller,en,P2,117,6,People and everyday life
miller_19,miller,en,P2,102,8,Place and movement
miller_19,miller,en,P2,112,10,War
miller_19,miller,en,P2,127,4,War
miller_19,miller,en,P2,121,10,War
miller_19,miller,en,P2,121,2,People and everyday life
miller_19,miller,en,P2,103,2,People and everyday life
miller_19,miller,en,P2,134,2,People and everyday life
miller_19,miller,en,P2,88,2,People and everyday life
miller_20,miller,en,P2,101,10,War
miller_20,miller,en,P2,106,9,War
miller_20,miller,en,P2,102,9,War
miller_20,miller,en,P2,114,4,War
miller_20,miller,en,P2,109,10,War
miller_20,miller,en,P2,105,6,People and everyday life
miller_20,miller,en,P2,113,10,War
miller_20,miller,en,P2,106,9,War
miller_20,miller,en,P2,107,10,War
miller_20,miller,en,P2,111,6,People and everyday life
miller_20,miller,en,P2,64,0,People and everyday life
miller_21,miller,en,P2,103,10,War
miller_21,miller,en,P2,120,4,War
miller_21,miller,en,P2,120,10,War
miller_21,miller,en,P2,112,4,War
miller_21,miller,en,P2,100,4,War
miller_21,miller,en,P2,123,10,War
miller_21,miller,en,P2,127,10,War
miller_21,miller,en,P2,117,4,War
miller_21,miller,en,P2,111,9,War
miller_21,miller,en,P2,85,10,War
miller_22,miller,en,P2,117,4,War
miller_22,miller,en,P2,109,5,Politics and nation
miller_22,miller,en,P2,105,9,War
miller_22,miller,en,P2,104,10,War
miller_22,miller,en,P2,100,2,People and everyday life
miller_22,miller,en,P2,144,4,War
miller_22,miller,en,P2,117,5,Politics and nation
miller_22,miller,en,P2,102,10,War
miller_22,miller,en,P2,122,4,War
miller_22,miller,en,P2,117,10,War
miller_22,miller,en,P2,111,4,War
miller_22,miller,en,P2,104,4,War
miller_22,miller,en,P2,103,9,War
miller_22,miller,en,P2,165,9,War
miller_22,miller,en,P2,119,2,People and everyday life
miller_22,miller,en,P2,110,2,People and everyday life
miller_22,miller,en,P2,107,4,War
miller_22,miller,en,P2,109,10,War
miller_22,miller,en,P2,103,6,People and everyday life
miller_22,miller,en,P2,116,6,People and everyday life
miller_22,miller,en,P2,90,2,People and everyday life
miller_23,miller,en,P2,104,2,People and everyday life
miller_23,miller,en,P2,112,2,People and everyday life
miller_23,miller,en,P2,110,9,War
miller_23,miller,en,P2,112,5,Politics and nation
miller_23,miller,en,P2,108,6,People and everyday life
miller_23,miller,en,P2,110,2,People and everyday life
miller_23,miller,en,P2,100,2,People and everyday life
miller_23,miller,en,P2,101,4,War
miller_23,miller,en,P2,114,7,People and everyday life
miller_23,miller,en,P2,101,2,People and everyday life
miller_23,miller,en,P2,111,2,People and everyday life
miller_23,miller,en,P2,66,2,People and everyday life
miller_24,miller,en,P2,101,4,War
miller_24,miller,en,P2,100,4,War
miller_24,miller,en,P2,107,2,People and everyday life
miller_24,miller,en,P2,111,4,War
miller_24,miller,en,P2,105,9,War
miller_24,miller,en,P2,106,1,Politics and nation
miller_24,miller,en,P2,102,10,War
miller_24,miller,en,P2,119,3,Place and movement
miller_24,miller,en,P2,103,4,War
miller_24,miller,en,P2,108,4,War
miller_24,miller,en,P2,101,6,People and everyday life
miller_24,miller,en,P2,103,4,War
miller_24,miller,en,P2,104,4,War
miller_24,miller,en,P2,101,10,War
miller_24,miller,en,P2,102,4,War
miller_24,miller,en,P2,108,4,War
miller_24,miller,en,P2,105,4,War
miller_25,miller,en,P2,106,10,War
miller_25,miller,en,P2,118,6,People and everyday life
miller_25,miller,en,P2,105,10,War
miller_25,miller,en,P2,104,5,Politics and nation
miller_25,miller,en,P2,102,10,War
miller_25,miller,en,P2,107,10,War
miller_25,miller,en,P2,101,6,People and everyday life
miller_25,miller,en,P2,124,10,War
miller_25,miller,en,P2,124,1,Politics and nation
miller_25,miller,en,P2,102,1,Politics and nation
miller_25,miller,en,P2,100,5,Politics and nation
miller_25,miller,en,P2,108,1,Politics and nation
miller_25,miller,en,P2,60,1,Politics and nation
miller_26,miller,en,P2,108,11,Politics and nation
miller_26,miller,en,P2,112,11,Politics and nation
miller_26,miller,en,P2,102,1,Politics and nation
miller_26,miller,en,P2,115,1,Politics and nation
miller_26,miller,en,P2,103,9,War
miller_26,miller,en,P2,107,1,Politics and nation
miller_26,miller,en,P2,103,1,Politics and nation
miller_26,miller,en,P2,110,1,Politics and nation
miller_26,miller,en,P2,109,9,War
miller_26,miller,en,P2,118,11,Politics and nation
miller_26,miller,en,P2,104,1,Politics and nation
miller_26,miller,en,P2,135,11,Politics and nation
miller_26,miller,en,P2,128,1,Politics and nation
miller_26,miller,en,P2,124,1,Politics and nation
miller_26,miller,en,P2,129,10,War
miller_26,miller,en,P2,112,10,War
miller_26,miller,en,P2,109,1,Politics and nation
miller_26,miller,en,P2,102,10,War
miller_26,miller,en,P2,103,5,Politics and nation
miller_27,miller,en,P2,122,0,People and everyday life
miller_27,miller,en,P2,113,0,People and everyday life
miller_27,miller,en,P2,109,0,People and everyday life
miller_27,miller,en,P2,106,11,Politics and nation
miller_27,miller,en,P2,102,11,Politics and nation
miller_27,miller,en,P2,100,6,People and everyday life
miller_27,miller,en,P2,106,0,People and everyday life
miller_27,miller,en,P2,106,11,Politics and nation
miller_27,miller,en,P2,120,11,Politics and nation
miller_27,miller,en,P2,157,11,Politics and nation
miller_27,miller,en,P2,105,11,Politics and nation
miller_27,miller,en,P2,103,11,Politics and nation
miller_27,miller,en,P2,112,11,Politics and nation
miller_27,miller,en,P2,104,1,Politics and nation
miller_27,miller,en,P2,107,11,Politics and nation
miller_27,miller,en,P2,106,11,Politics and nation
miller_27,miller,en,P2,106,11,Politics and nation
miller_27,miller,en,P2,104,11,Politics and nation
miller_27,miller,en,P2,108,11,Politics and nation
miller_27,miller,en,P2,106,10,War
miller_27,miller,en,P2,102,1,Politics and nation
miller_27,miller,en,P2,113,1,Politics and nation
miller_27,miller,en,P2,113,1,Politics and nation
miller_27,miller,en,P2,106,1,Politics and nation
miller_27,miller,en,P2,107,1,Politics and nation
miller_27,miller,en,P2,101,11,Politics and nation
miller_27,miller,en,P2,93,1,Politics and nation
miller_28,miller,en,P2,114,3,Place and movement
miller_28,miller,en,P2,122,5,Politics and nation
miller_28,miller,en,P2,108,0,People and everyday life
miller_28,miller,en,P2,113,0,People and everyday life
miller_28,miller,en,P2,111,6,People and everyday life
miller_28,miller,en,P2,127,5,Politics and nation
miller_28,miller,en,P2,105,1,Politics and nation
miller_28,miller,en,P2,112,1,Politics and nation
miller_28,miller,en,P2,123,1,Politics and nation
miller_28,miller,en,P2,108,9,War
miller_28,miller,en,P2,103,0,People and everyday life
miller_28,miller,en,P2,102,10,War
miller_28,miller,en,P2,120,3,Place and movement
miller_28,miller,en,P2,88,2,People and everyday life
miller_29,miller,en,P3,102,11,Politics and nation
miller_29,miller,en,P3,104,4,War
miller_29,miller,en,P3,110,2,People and everyday life
miller_29,miller,en,P3,107,2,People and everyday life
miller_29,miller,en,P3,116,10,War
miller_29,miller,en,P3,120,5,Politics and nation
miller_29,miller,en,P3,111,1,Politics and nation
miller_29,miller,en,P3,108,1,Politics and nation
miller_29,miller,en,P3,113,10,War
miller_29,miller,en,P3,132,11,Politics and nation
miller_29,miller,en,P3,110,11,Politics and nation
miller_29,miller,en,P3,105,8,Place and movement
miller_29,miller,en,P3,111,11,Politics and nation
miller_29,miller,en,P3,100,1,Politics and nation
miller_29,miller,en,P3,117,5,Politics and nation
miller_29,miller,en,P3,145,10,War
miller_29,miller,en,P3,119,9,War
miller_29,miller,en,P3,98,1,Politics and nation
miller_30,miller,en,P3,101,10,War
miller_30,miller,en,P3,102,10,War
miller_30,miller,en,P3,102,9,War
miller_30,miller,en,P3,119,9,War
miller_30,miller,en,P3,126,10,War
miller_30,miller,en,P3,113,9,War
miller_30,miller,en,P3,108,9,War
miller_30,miller,en,P3,122,9,War
miller_30,miller,en,P3,115,9,War
miller_30,miller,en,P3,103,9,War
miller_30,miller,en,P3,101,4,War
miller_30,miller,en,P3,103,9,War
miller_30,miller,en,P3,127,9,War
miller_30,miller,en,P3,106,10,War
miller_30,miller,en,P3,100,4,War
miller_30,miller,en,P3,102,10,War
miller_30,miller,en,P3,112,10,War
miller_30,miller,en,P3,62,4,War
miller_31,miller,en,P3,115,9,War
miller_31,miller,en,P3,106,9,War
miller_31,miller,en,P3,111,9,War
miller_31,miller,en,P3,110,4,War
miller_31,miller,en,P3,101,9,War
miller_31,miller,en,P3,111,9,War
miller_31,miller,en,P3,105,4,War
miller_31,miller,en,P3,123,9,War
miller_31,miller,en,P3,110,9,War
miller_31,miller,en,P3,111,9,War
miller_31,miller,en,P3,106,9,War
miller_32,miller,en,P3,110,1,Politics and nation
miller_32,miller,en,P3,119,11,Politics and nation
miller_32,miller,en,P3,122,9,War
miller_32,miller,en,P3,113,11,Politics and nation
miller_32,miller,en,P3,107,9,War
miller_32,miller,en,P3,105,9,War
miller_32,miller,en,P3,123,4,War
miller_32,miller,en,P3,126,8,Place and movement
miller_32,miller,en,P3,113,9,War
miller_32,miller,en,P3,120,9,War
miller_32,miller,en,P3,130,4,War
miller_32,miller,en,P3,105,3,Place and movement
miller_32,miller,en,P3,112,1,Politics and nation
miller_32,miller,en,P3,135,3,Place and movement
miller_32,miller,en,P3,107,9,War
miller_32,miller,en,P3,131,4,War
miller_32,miller,en,P3,114,7,People and everyday life
miller_32,miller,en,P3,102,6,People and everyday life
miller_33,miller,en,P3,139,8,Place and movement
miller_33,miller,en,P3,103,7,People and everyday life
miller_33,miller,en,P3,106,8,Place and movement
miller_33,miller,en,P3,120,8,Place and movement
miller_33,miller,en,P3,113,6,People and everyday life
miller_33,miller,en,P3,114,7,People and everyday life
miller_33,miller,en,P3,116,7,People and everyday life
miller_33,miller,en,P3,135,8,Place and movement
miller_33,miller,en,P3,127,7,People and everyday life
miller_33,miller,en,P3,116,4,War
miller_33,miller,en,P3,113,9,War
miller_33,miller,en,P3,121,4,War
miller_33,miller,en,P3,112,10,War
miller_33,miller,en,P3,117,1,Politics and nation
miller_33,miller,en,P3,107,5,Politics and nation
miller_33,miller,en,P3,112,10,War
miller_33,miller,en,P3,131,10,War
miller_33,miller,en,P3,110,10,War
miller_33,miller,en,P3,109,6,People and everyday life
miller_33,miller,en,P3,119,10,War
miller_33,miller,en,P3,111,10,War
miller_33,miller,en,P3,137,10,War
miller_33,miller,en,P3,120,10,War
miller_33,miller,en,P3,121,6,People and everyday life
miller_33,miller,en,P3,115,0,People and everyday life
miller_33,miller,en,P3,116,6,People and everyday life
miller_33,miller,en,P3,112,0,People and everyday life
miller_33,miller,en,P3,103,2,People and everyday life
miller_33,miller,en,P3,111,0,People and everyday life
miller_33,miller,en,P3,113,5,Politics and nation
miller_33,miller,en,P3,102,9,War
miller_34,miller,en,P3,119,8,Place and movement
miller_34,miller,en,P3,102,8,Place and movement
miller_34,miller,en,P3,122,8,Place and movement
miller_34,miller,en,P3,116,8,Place and movement
miller_34,miller,en,P3,105,8,Place and movement
miller_34,miller,en,P3,100,4,War
miller_34,miller,en,P3,144,8,Place and movement
miller_34,miller,en,P3,107,2,People and everyday life
miller_34,miller,en,P3,117,2,People and everyday life
miller_34,miller,en,P3,111,0,People and everyday life
miller_34,miller,en,P3,138,9,War
miller_34,miller,en,P3,121,2,People and everyday life
miller_34,miller,en,P3,102,2,People and everyday life
miller_34,miller,en,P3,117,2,People and everyday life
miller_34,miller,en,P3,103,1,Politics and nation
miller_34,miller,en,P3,100,9,War
miller_34,miller,en,P3,113,11,Politics and nation
miller_34,miller,en,P3,109,10,War
miller_34,miller,en,P3,119,8,Place and movement
miller_34,miller,en,P3,123,8,Place and movement
miller_34,miller,en,P3,117,2,People and everyday life
miller_34,miller,en,P3,107,2,People and everyday life
miller_34,miller,en,P3,104,1,Politics and nation
miller_34,miller,en,P3,105,9,War
miller_34,miller,en,P3,118,4,War
miller_34,miller,en,P3,100,4,War
miller_34,miller,en,P3,121,10,War
miller_34,miller,en,P3,116,9,War
miller_34,miller,en,P3,104,1,Politics and nation
miller_34,miller,en,P3,102,0,People and everyday life
miller_34,miller,en,P3,108,1,Politics and nation
miller_34,miller,en,P3,106,6,People and everyday life
miller_35,miller,en,P3,124,10,War
miller_35,miller,en,P3,101,9,War
miller_35,miller,en,P3,111,10,War
miller_35,miller,en,P3,120,10,War
miller_35,miller,en,P3,102,9,War
miller_35,miller,en,P3,103,9,War
miller_35,miller,en,P3,101,2,People and everyday life
miller_35,miller,en,P3,104,4,War
miller_35,miller,en,P3,108,7,People and everyday life
miller_35,miller,en,P3,105,10,War
miller_35,miller,en,P3,102,7,People and everyday life
miller_35,miller,en,P3,119,4,War
miller_35,miller,en,P3,101,10,War
miller_35,miller,en,P3,113,2,People and everyday life
miller_35,miller,en,P3,106,10,War
miller_35,miller,en,P3,108,2,People and everyday life
miller_35,miller,en,P3,112,10,War
miller_35,miller,en,P3,88,2,People and everyday life
miller_36,miller,en,P3,117,1,Politics and nation
miller_36,miller,en,P3,113,9,War
miller_36,miller,en,P3,114,1,Politics and nation
miller_36,miller,en,P3,107,9,War
miller_36,miller,en,P3,108,1,Politics and nation
miller_36,miller,en,P3,127,9,War
miller_36,miller,en,P3,113,9,War
miller_36,miller,en,P3,117,9,War
miller_36,miller,en,P3,112,9,War
miller_36,miller,en,P3,100,3,Place and movement
miller_36,miller,en,P3,104,11,Politics and nation
miller_36,miller,en,P3,108,11,Politics and nation
miller_36,miller,en,P3,123,4,War
miller_36,miller,en,P3,107,9,War
miller_36,miller,en,P3,100,3,Place and movement
miller_36,miller,en,P3,109,10,War
miller_36,miller,en,P3,123,10,War
miller_36,miller,en,P3,127,9,War
miller_36,miller,en,P3,109,2,People and everyday life
miller_36,miller,en,P3,108,9,War
miller_36,miller,en,P3,100,6,People and everyday life
miller_36,miller,en,P3,114,10,War
miller_36,miller,en,P3,110,2,People and everyday life
miller_36,miller,en,P3,117,2,People and everyday life
miller_36,miller,en,P3,106,10,War
miller_36,miller,en,P3,110,10,War
miller_36,miller,en,P3,100,2,People and everyday life
miller_36,miller,en,P3,104,10,War
miller_36,miller,en,P3,121,10,War
miller_36,miller,en,P3,76,9,War
miller_37,miller,en,P2,113,1,Politics and nation
miller_37,miller,en,P2,114,1,Politics and nation
miller_37,miller,en,P2,101,9,War
miller_37,miller,en,P2,115,3,Place and movement
miller_37,miller,en,P2,123,4,War
miller_37,miller,en,P2,125,10,War
miller_37,miller,en,P2,106,10,War
miller_37,miller,en,P2,122,9,War
miller_37,miller,en,P2,113,9,War
miller_37,miller,en,P2,126,5,Politics and nation
miller_37,miller,en,P2,110,1,Politics and nation
miller_37,miller,en,P2,119,4,War
miller_37,miller,en,P2,120,4,War
miller_37,miller,en,P2,103,4,War
miller_37,miller,en,P2,111,10,War
miller_37,miller,en,P2,105,10,War
miller_37,miller,en,P2,111,1,Politics and nation
miller_37,miller,en,P2,110,4,War
miller_37,miller,en,P2,118,4,War
miller_37,miller,en,P2,103,10,War
miller_37,miller,en,P2,112,9,War
miller_37,miller,en,P2,110,10,War
miller_37,miller,en,P2,109,1,Politics and nation
miller_37,miller,en,P2,110,4,War
miller_37,miller,en,P2,110,10,War
miller_37,miller,en,P2,128,10,War
miller_37,miller,en,P2,105,4,War
miller_37,miller,en,P2,121,2,People and everyday life
miller_37,miller,en,P2,101,2,People and everyday life
miller_37,miller,en,P2,107,2,People and everyday life
miller_37,miller,en,P2,102,4,War
miller_37,miller,en,P2,117,2,People and everyday life
miller_37,miller,en,P2,103,2,People and everyday life
miller_37,miller,en,P2,92,2,People and everyday life
miller_38,miller,en,P2,120,10,War
miller_38,miller,en,P2,106,9,War
miller_38,miller,en,P2,141,1,Politics and nation
miller_38,miller,en,P2,104,9,War
miller_38,miller,en,P2,109,9,War
miller_38,miller,en,P2,110,9,War
miller_38,miller,en,P2,127,9,War
miller_38,miller,en,P2,109,9,War
miller_38,miller,en,P2,124,9,War
miller_38,miller,en,P2,114,8,Place and movement
miller_38,miller,en,P2,119,3,Place and movement
miller_38,miller,en,P2,103,3,Place and movement
miller_38,miller,en,P2,124,8,Place and movement
miller_38,miller,en,P2,100,11,Politics and nation
miller_38,miller,en,P2,103,11,Politics and nation
miller_38,miller,en,P2,126,9,War
miller_38,miller,en,P2,136,9,War
miller_38,miller,en,P2,97,10,War
miller_39,miller,en,P3,112,9,War
miller_39,miller,en,P3,104,4,War
miller_39,miller,en,P3,100,9,War
miller_39,miller,en,P3,104,9,War
miller_39,miller,en,P3,108,9,War
miller_39,miller,en,P3,109,9,War
miller_39,miller,en,P3,113,10,War
miller_39,miller,en,P3,101,10,War
miller_39,miller,en,P3,108,4,War
miller_39,miller,en,P3,106,4,War
miller_39,miller,en,P3,105,9,War
miller_39,miller,en,P3,115,9,War
miller_39,miller,en,P3,100,4,War
miller_39,miller,en,P3,113,5,Politics and nation
miller_39,miller,en,P3,113,5,Politics and nation
miller_39,miller,en,P3,105,1,Politics and nation
miller_39,miller,en,P3,118,10,War
miller_39,miller,en,P3,115,2,People and everyday life
miller_40,miller,en,P3,132,2,People and everyday life
miller_40,miller,en,P3,102,2,People and everyday life
miller_40,miller,en,P3,100,2,People and everyday life
miller_40,miller,en,P3,104,4,War
miller_40,miller,en,P3,104,2,People and everyday life
miller_40,miller,en,P3,100,7,People and everyday life
miller_40,miller,en,P3,108,2,People and everyday life
miller_40,miller,en,P3,113,2,People and everyday life
miller_40,miller,en,P3,103,4,War
miller_40,miller,en,P3,105,2,People and everyday life
miller_40,miller,en,P3,115,10,War
miller_40,miller,en,P3,104,9,War
miller_40,miller,en,P3,115,9,War
miller_40,miller,en,P3,104,1,Politics and nation
miller_40,miller,en,P3,111,2,People and everyday life
miller_40,miller,en,P3,107,9,War
miller_40,miller,en,P3,100,8,Place and movement
miller_40,miller,en,P3,137,9,War
miller_40,miller,en,P3,118,9,War
miller_40,miller,en,P3,112,2,People and everyday life
miller_40,miller,en,P3,112,1,Politics and nation
miller_40,miller,en,P3,101,2,People and everyday life
miller_40,miller,en,P3,106,9,War
miller_40,miller,en,P3,114,5,Politics and nation
miller_40,miller,en,P3,117,9,War
miller_40,miller,en,P3,91,9,War
miller_41,miller,en,P3,107,9,War
miller_41,miller,en,P3,115,8,Place and movement
miller_41,miller,en,P3,109,4,War
miller_41,miller,en,P3,116,4,War
miller_41,miller,en,P3,105,10,War
miller_41,miller,en,P3,108,4,War
miller_41,miller,en,P3,100,9,War
miller_41,miller,en,P3,121,10,War
miller_41,miller,en,P3,100,4,War
miller_41,miller,en,P3,103,3,Place and movement
miller_41,miller,en,P3,111,4,War
miller_41,miller,en,P3,115,6,People and everyday life
miller_41,miller,en,P3,105,10,War
miller_41,miller,en,P3,101,10,War
miller_41,miller,en,P3,104,10,War
miller_41,miller,en,P3,137,6,People and everyday life
miller_41,miller,en,P3,108,3,Place and movement
miller_41,miller,en,P3,112,3,Place and movement
miller_41,miller,en,P3,101,9,War
miller_41,miller,en,P3,122,2,People and everyday life
miller_41,miller,en,P3,105,8,Place and movement
miller_41,miller,en,P3,106,5,Politics and nation
miller_41,miller,en,P3,130,3,Place and movement
miller_41,miller,en,P3,110,4,War
miller_41,miller,en,P3,120,9,War
miller_41,miller,en,P3,106,9,War
miller_41,miller,en,P3,104,8,Place and movement
miller_41,miller,en,P3,103,8,Place and movement
miller_41,miller,en,P3,110,7,People and everyday life
miller_41,miller,en,P3,125,9,War
miller_41,miller,en,P3,108,4,War
miller_41,miller,en,P3,130,10,War
miller_41,miller,en,P3,102,4,War
miller_41,miller,en,P3,105,4,War
miller_41,miller,en,P3,102,4,War
miller_41,miller,en,P3,102,3,Place and movement
miller_41,miller,en,P3,120,9,War
miller_41,miller,en,P3,101,9,War
miller_41,miller,en,P3,104,3,Place and movement
miller_41,miller,en,P3,104,2,People and everyday life
miller_41,miller,en,P3,113,2,People and everyday life
miller_41,miller,en,P3,122,2,People and everyday life
miller_41,miller,en,P3,103,2,People and everyday life
miller_41,miller,en,P3,102,9,War
miller_41,miller,en,P3,110,9,War
miller_41,miller,en,P3,101,4,War
miller_41,miller,en,P3,109,4,War
miller_41,miller,en,P3,129,4,War
miller_41,miller,en,P3,116,4,War
miller_41,miller,en,P3,105,4,War
miller_41,miller,en,P3,102,10,War
miller_41,miller,en,P3,103,10,War
miller_41,miller,en,P3,119,10,War
miller_41,miller,en,P3,128,9,War
miller_41,miller,en,P3,108,4,War
miller_41,miller,en,P3,106,9,War
miller_41,miller,en,P3,100,9,War
miller_41,miller,en,P3,116,9,War
miller_41,miller,en,P3,104,9,War
miller_41,miller,en,P3,116,10,War
miller_41,miller,en,P3,102,9,War
miller_41,miller,en,P3,120,4,War
miller_41,miller,en,P3,110,8,Place and movement
miller_41,miller,en,P3,108,2,People and everyday life
miller_41,miller,en,P3,134,8,Place and movement
miller_42,miller,en,P3,117,10,War
miller_42,miller,en,P3,107,4,War
miller_42,miller,en,P3,107,9,War
miller_42,miller,en,P3,108,9,War
miller_42,miller,en,P3,109,7,People and everyday life
miller_42,miller,en,P3,104,2,People and everyday life
miller_42,miller,en,P3,110,3,Place and movement
miller_42,miller,en,P3,105,4,War
miller_42,miller,en,P3,102,4,War
miller_42,miller,en,P3,103,4,War
miller_42,miller,en,P3,101,4,War
miller_43,miller,en,P3,110,9,War
miller_43,miller,en,P3,108,9,War
miller_43,miller,en,P3,103,4,War
miller_43,miller,en,P3,107,4,War
miller_43,miller,en,P3,114,4,War
miller_43,miller,en,P3,113,4,War
miller_43,miller,en,P3,112,4,War
miller_43,miller,en,P3,108,1,Politics and nation
miller_43,miller,en,P3,119,9,War
miller_43,miller,en,P3,108,7,People and everyday life
miller_43,miller,en,P3,104,8,Place and movement
miller_43,miller,en,P3,121,9,War
miller_43,miller,en,P3,112,9,War
miller_43,miller,en,P3,53,1,Politics and nation
miller_44,miller,en,P3,101,9,War
miller_44,miller,en,P3,110,9,War
miller_44,miller,en,P3,105,4,War
miller_44,miller,en,P3,102,9,War
miller_44,miller,en,P3,119,4,War
miller_44,miller,en,P3,113,7,People and everyday life
miller_44,miller,en,P3,116,9,War
miller_44,miller,en,P3,109,11,Politics and nation
miller_44,miller,en,P3,119,9,War
miller_44,miller,en,P3,123,10,War
miller_44,miller,en,P3,114,1,Politics and nation
miller_44,miller,en,P3,100,10,War
miller_44,miller,en,P3,104,10,War
miller_44,miller,en,P3,116,10,War
brumme_01,brumme,de,,102,5,Politics and nation
brumme_01,brumme,de,,112,5,Politics and nation
brumme_01,brumme,de,,115,8,Place and movement
brumme_01,brumme,de,,110,11,Politics and nation
brumme_01,brumme,de,,113,0,People and everyday life
brumme_01,brumme,de,,107,5,Politics and nation
brumme_01,brumme,de,,103,10,War
brumme_01,brumme,de,,130,8,Place and movement
brumme_01,brumme,de,,123,2,People and everyday life
brumme_01,brumme,de,,125,3,Place and movement
brumme_01,brumme,de,,128,1,Politics and nation
brumme_01,brumme,de,,106,1,Politics and nation
brumme_01,brumme,de,,113,5,Politics and nation
brumme_01,brumme,de,,106,5,Politics and nation
brumme_01,brumme,de,,107,9,War
brumme_01,brumme,de,,104,1,Politics and nation
brumme_01,brumme,de,,100,5,Politics and nation
brumme_01,brumme,de,,107,1,Politics and nation
brumme_01,brumme,de,,108,1,Politics and nation
brumme_01,brumme,de,,128,5,Politics and nation
brumme_02,brumme,de,P2,109,10,War
brumme_02,brumme,de,P2,108,6,People and everyday life
brumme_02,brumme,de,P2,110,0,People and everyday life
brumme_02,brumme,de,P2,101,1,Politics and nation
brumme_02,brumme,de,P2,110,5,Politics and nation
brumme_02,brumme,de,P2,105,10,War
brumme_02,brumme,de,P2,103,1,Politics and nation
brumme_02,brumme,de,P2,113,1,Politics and nation
brumme_02,brumme,de,P2,107,1,Politics and nation
brumme_02,brumme,de,P2,53,5,Politics and nation
brumme_03,brumme,de,P2,110,11,Politics and nation
brumme_03,brumme,de,P2,100,5,Politics and nation
brumme_03,brumme,de,P2,108,0,People and everyday life
brumme_03,brumme,de,P2,101,2,People and everyday life
brumme_03,brumme,de,P2,106,3,Place and movement
brumme_03,brumme,de,P2,107,10,War
brumme_03,brumme,de,P2,122,1,Politics and nation
brumme_03,brumme,de,P2,107,1,Politics and nation
brumme_03,brumme,de,P2,105,4,War
brumme_03,brumme,de,P2,110,4,War
brumme_03,brumme,de,P2,104,11,Politics and nation
brumme_03,brumme,de,P2,95,11,Politics and nation
brumme_04,brumme,de,P2,114,1,Politics and nation
brumme_04,brumme,de,P2,106,10,War
brumme_04,brumme,de,P2,100,1,Politics and nation
brumme_04,brumme,de,P2,117,1,Politics and nation
brumme_04,brumme,de,P2,105,5,Politics and nation
brumme_04,brumme,de,P2,104,5,Politics and nation
brumme_04,brumme,de,P2,100,8,Place and movement
brumme_04,brumme,de,P2,125,7,People and everyday life
brumme_04,brumme,de,P2,120,9,War
brumme_04,brumme,de,P2,107,4,War
brumme_04,brumme,de,P2,113,4,War
brumme_04,brumme,de,P2,100,10,War
brumme_04,brumme,de,P2,106,4,War
brumme_05,brumme,de,P2,108,5,Politics and nation
brumme_05,brumme,de,P2,116,7,People and everyday life
brumme_05,brumme,de,P2,105,7,People and everyday life
brumme_05,brumme,de,P2,100,11,Politics and nation
brumme_05,brumme,de,P2,102,3,Place and movement
brumme_05,brumme,de,P2,100,1,Politics and nation
brumme_05,brumme,de,P2,109,1,Politics and nation
brumme_05,brumme,de,P2,103,1,Politics and nation
brumme_05,brumme,de,P2,101,10,War
brumme_05,brumme,de,P2,113,11,Politics and nation
brumme_05,brumme,de,P2,108,1,Politics and nation
brumme_06,brumme,de,P2,100,4,War
brumme_06,brumme,de,P2,107,1,Politics and nation
brumme_06,brumme,de,P2,116,1,Politics and nation
brumme_06,brumme,de,P2,110,1,Politics and nation
brumme_06,brumme,de,P2,111,5,Politics and nation
brumme_06,brumme,de,P2,105,1,Politics and nation
brumme_06,brumme,de,P2,106,9,War
brumme_06,brumme,de,P2,110,11,Politics and nation
brumme_06,brumme,de,P2,100,8,Place and movement
brumme_06,brumme,de,P2,105,1,Politics and nation
brumme_06,brumme,de,P2,115,1,Politics and nation
brumme_06,brumme,de,P2,107,11,Politics and nation
brumme_06,brumme,de,P2,117,1,Politics and nation
brumme_06,brumme,de,P2,113,5,Politics and nation
brumme_06,brumme,de,P2,50,1,Politics and nation
brumme_07,brumme,de,P3,106,3,Place and movement
brumme_07,brumme,de,P3,106,1,Politics and nation
brumme_07,brumme,de,P3,110,9,War
brumme_07,brumme,de,P3,101,11,Politics and nation
brumme_07,brumme,de,P3,105,5,Politics and nation
brumme_07,brumme,de,P3,115,1,Politics and nation
brumme_07,brumme,de,P3,104,9,War
brumme_07,brumme,de,P3,102,1,Politics and nation
brumme_07,brumme,de,P3,122,1,Politics and nation
brumme_07,brumme,de,P3,104,6,People and everyday life
brumme_07,brumme,de,P3,101,10,War
brumme_07,brumme,de,P3,113,1,Politics and nation
brumme_07,brumme,de,P3,100,8,Place and movement
brumme_08,brumme,de,P3,109,10,War
brumme_08,brumme,de,P3,119,10,War
brumme_08,brumme,de,P3,108,1,Politics and nation
brumme_08,brumme,de,P3,114,3,Place and movement
brumme_08,brumme,de,P3,101,7,People and everyday life
brumme_08,brumme,de,P3,104,9,War
brumme_08,brumme,de,P3,108,1,Politics and nation
brumme_08,brumme,de,P3,125,1,Politics and nation
brumme_08,brumme,de,P3,135,10,War
brumme_09,brumme,de,P3,109,7,People and everyday life
brumme_09,brumme,de,P3,106,8,Place and movement
brumme_09,brumme,de,P3,109,1,Politics and nation
brumme_09,brumme,de,P3,107,5,Politics and nation
brumme_09,brumme,de,P3,112,10,War
brumme_09,brumme,de,P3,102,2,People and everyday life
brumme_09,brumme,de,P3,108,8,Place and movement
brumme_09,brumme,de,P3,106,10,War
brumme_09,brumme,de,P3,101,2,People and everyday life
brumme_09,brumme,de,P3,107,8,Place and movement
brumme_09,brumme,de,P3,110,7,People and everyday life
brumme_09,brumme,de,P3,112,2,People and everyday life
brumme_10,brumme,de,P3,101,1,Politics and nation
brumme_10,brumme,de,P3,103,5,Politics and nation
brumme_10,brumme,de,P3,109,1,Politics and nation
brumme_10,brumme,de,P3,104,1,Politics and nation
brumme_10,brumme,de,P3,101,5,Politics and nation
brumme_10,brumme,de,P3,100,8,Place and movement
brumme_10,brumme,de,P3,117,1,Politics and nation
brumme_10,brumme,de,P3,103,10,War
brumme_10,brumme,de,P3,115,11,Politics and nation
brumme_10,brumme,de,P3,58,8,Place and movement
brumme_11,brumme,de,P3,113,5,Politics and nation
brumme_11,brumme,de,P3,101,5,Politics and nation
brumme_11,brumme,de,P3,114,7,People and everyday life
brumme_11,brumme,de,P3,113,1,Politics and nation
brumme_11,brumme,de,P3,111,9,War
brumme_11,brumme,de,P3,116,1,Politics and nation
brumme_11,brumme,de,P3,108,1,Politics and nation
brumme_11,brumme,de,P3,107,4,War
brumme_11,brumme,de,P3,110,6,People and everyday life
brumme_12,brumme,de,P3,125,9,War
brumme_12,brumme,de,P3,101,7,People and everyday life
brumme_12,brumme,de,P3,110,9,War
brumme_12,brumme,de,P3,104,9,War
brumme_12,brumme,de,P3,133,1,Politics and nation
brumme_12,brumme,de,P3,105,5,Politics and nation
brumme_12,brumme,de,P3,107,11,Politics and nation
brumme_12,brumme,de,P3,107,1,Politics and nation
brumme_12,brumme,de,P3,103,1,Politics and nation
brumme_12,brumme,de,P3,118,1,Politics and nation
brumme_12,brumme,de,P3,104,1,Politics and nation
brumme_12,brumme,de,P3,105,1,Politics and nation
brumme_13,brumme,de,P3,122,1,Politics and nation
brumme_13,brumme,de,P3,104,8,Place and movement
brumme_13,brumme,de,P3,109,8,Place and movement
brumme_13,brumme,de,P3,108,8,Place and movement
brumme_13,brumme,de,P3,102,10,War
brumme_13,brumme,de,P3,101,0,People and everyday life
brumme_13,brumme,de,P3,110,2,People and everyday life
brumme_13,brumme,de,P3,107,1,Politics and nation
brumme_13,brumme,de,P3,132,5,Politics and nation
brumme_13,brumme,de,P3,101,1,Politics and nation
brumme_13,brumme,de,P3,112,1,Politics and nation
brumme_13,brumme,de,P3,104,10,War
brumme_13,brumme,de,P3,93,1,Politics and nation
brumme_14,brumme,de,P3,107,8,Place and movement
brumme_14,brumme,de,P3,110,5,Politics and nation
brumme_14,brumme,de,P3,116,5,Politics and nation
brumme_14,brumme,de,P3,114,10,War
brumme_14,brumme,de,P3,125,1,Politics and nation
brumme_14,brumme,de,P3,103,4,War
brumme_14,brumme,de,P3,102,5,Politics and nation
brumme_14,brumme,de,P3,108,1,Politics and nation
brumme_14,brumme,de,P3,110,3,Place and movement
brumme_14,brumme,de,P3,106,5,Politics and nation
brumme_15,brumme,de,P3,104,5,Politics and nation
brumme_15,brumme,de,P3,119,5,Politics and nation
brumme_15,brumme,de,P3,104,2,People and everyday life
brumme_15,brumme,de,P3,104,6,People and everyday life
brumme_15,brumme,de,P3,100,5,Politics and nation
brumme_15,brumme,de,P3,111,1,Politics and nation
brumme_15,brumme,de,P3,108,1,Politics and nation
brumme_15,brumme,de,P3,100,1,Politics and nation
brumme_15,brumme,de,P3,123,10,War
brumme_15,brumme,de,P3,106,0,People and everyday life
brumme_15,brumme,de,P3,104,8,Place and movement
brumme_16,brumme,de,P3,115,5,Politics and nation
brumme_16,brumme,de,P3,113,7,People and everyday life
brumme_16,brumme,de,P3,107,7,People and everyday life
brumme_16,brumme,de,P3,104,1,Politics and nation
brumme_16,brumme,de,P3,103,11,Politics and nation
brumme_16,brumme,de,P3,117,11,Politics and nation
brumme_16,brumme,de,P3,103,7,People and everyday life
brumme_16,brumme,de,P3,100,5,Politics and nation
brumme_16,brumme,de,P3,101,5,Politics and nation
brumme_16,brumme,de,P3,101,11,Politics and nation
brumme_16,brumme,de,P3,107,4,War
brumme_16,brumme,de,P3,113,1,Politics and nation
brumme_16,brumme,de,P3,75,1,Politics and nation
brumme_17,brumme,de,P3,116,9,War
brumme_17,brumme,de,P3,104,5,Politics and nation
brumme_17,brumme,de,P3,102,1,Politics and nation
brumme_17,brumme,de,P3,100,1,Politics and nation
brumme_17,brumme,de,P3,105,0,People and everyday life
brumme_17,brumme,de,P3,108,3,Place and movement
brumme_17,brumme,de,P3,103,6,People and everyday life
brumme_17,brumme,de,P3,108,10,War
brumme_17,brumme,de,P3,106,1,Politics and nation
brumme_17,brumme,de,P3,107,4,War
brumme_17,brumme,de,P3,100,2,People and everyday life
brumme_17,brumme,de,P3,123,2,People and everyday life
brumme_17,brumme,de,P3,105,3,Place and movement
brumme_17,brumme,de,P3,118,7,People and everyday life
brumme_18,brumme,de,P3,110,6,People and everyday life
brumme_18,brumme,de,P3,104,2,People and everyday life
brumme_18,brumme,de,P3,113,8,Place and movement
brumme_18,brumme,de,P3,115,8,Place and movement
brumme_18,brumme,de,P3,107,1,Politics and nation
brumme_18,brumme,de,P3,118,0,People and everyday life
brumme_18,brumme,de,P3,114,1,Politics and nation
brumme_18,brumme,de,P3,106,1,Politics and nation
brumme_18,brumme,de,P3,101,11,Politics and nation
brumme_18,brumme,de,P3,122,10,War
brumme_18,brumme,de,P3,113,1,Politics and nation
brumme_18,brumme,de,P3,108,1,Politics and nation
brumme_18,brumme,de,P3,91,5,Politics and nation
brumme_19,brumme,de,P3,103,5,Politics and nation
brumme_19,brumme,de,P3,102,5,Politics and nation
brumme_19,brumme,de,P3,104,10,War
brumme_19,brumme,de,P3,103,5,Politics and nation
brumme_19,brumme,de,P3,121,5,Politics and nation
brumme_19,brumme,de,P3,104,5,Politics and nation
brumme_19,brumme,de,P3,105,6,People and everyday life
brumme_19,brumme,de,P3,107,4,War
brumme_19,brumme,de,P3,110,8,Place and movement
brumme_19,brumme,de,P3,105,8,Place and movement
brumme_19,brumme,de,P3,106,10,War
brumme_19,brumme,de,P3,108,4,War
brumme_19,brumme,de,P3,111,1,Politics and nation
brumme_19,brumme,de,P3,108,9,War
brumme_19,brumme,de,P3,100,9,War
brumme_19,brumme,de,P3,107,1,Politics and nation
brumme_19,brumme,de,P3,101,7,People and everyday life
orth_01,orth,de,P3,114,1,Politics and nation
orth_01,orth,de,P3,111,8,Place and movement
orth_01,orth,de,P3,111,0,People and everyday life
orth_01,orth,de,P3,111,11,Politics and nation
orth_01,orth,de,P3,106,7,People and everyday life
orth_01,orth,de,P3,102,8,Place and movement
orth_01,orth,de,P3,101,5,Politics and nation
orth_01,orth,de,P3,120,6,People and everyday life
orth_01,orth,de,P3,111,4,War
orth_01,orth,de,P3,101,10,War
orth_01,orth,de,P3,100,6,People and everyday life
orth_01,orth,de,P3,125,2,People and everyday life
orth_01,orth,de,P3,107,4,War
orth_01,orth,de,P3,104,6,People and everyday life
orth_01,orth,de,P3,141,8,Place and movement
orth_01,orth,de,P3,101,8,Place and movement
orth_01,orth,de,P3,110,8,Place and movement
orth_01,orth,de,P3,102,0,People and everyday life
orth_01,orth,de,P3,105,10,War
orth_01,orth,de,P3,101,0,People and everyday life
orth_01,orth,de,P3,100,5,Politics and nation
orth_01,orth,de,P3,118,10,War
orth_01,orth,de,P3,102,5,Politics and nation
orth_01,orth,de,P3,102,0,People and everyday life
orth_01,orth,de,P3,105,0,People and everyday life
orth_01,orth,de,P3,116,7,People and everyday life
orth_01,orth,de,P3,122,7,People and everyday life
orth_01,orth,de,P3,127,0,People and everyday life
orth_01,orth,de,P3,108,5,Politics and nation
orth_01,orth,de,P3,103,5,Politics and nation
orth_01,orth,de,P3,101,8,Place and movement
orth_01,orth,de,P3,107,4,War
orth_01,orth,de,P3,110,9,War
orth_01,orth,de,P3,119,8,Place and movement
orth_01,orth,de,P3,101,2,People and everyday life
orth_01,orth,de,P3,112,3,Place and movement
orth_01,orth,de,P3,115,0,People and everyday life
orth_01,orth,de,P3,101,10,War
orth_01,orth,de,P3,102,3,Place and movement
orth_01,orth,de,P3,111,3,Place and movement
orth_01,orth,de,P3,106,3,Place and movement
orth_01,orth,de,P3,101,3,Place and movement
orth_01,orth,de,P3,121,1,Politics and nation
orth_01,orth,de,P3,106,7,People and everyday life
orth_01,orth,de,P3,114,7,People and everyday life
orth_01,orth,de,P3,105,2,People and everyday life
orth_01,orth,de,P3,107,1,Politics and nation
orth_01,orth,de,P3,113,2,People and everyday life
orth_01,orth,de,P3,101,4,War
orth_01,orth,de,P3,111,7,People and everyday life
orth_01,orth,de,P3,61,2,People and everyday life
orth_02,orth,de,P3,104,5,Politics and nation
orth_02,orth,de,P3,120,5,Politics and nation
orth_02,orth,de,P3,111,8,Place and movement
orth_02,orth,de,P3,113,8,Place and movement
orth_02,orth,de,P3,110,10,War
orth_02,orth,de,P3,103,0,People and everyday life
orth_02,orth,de,P3,112,6,People and everyday life
orth_02,orth,de,P3,104,0,People and everyday life
orth_02,orth,de,P3,100,2,People and everyday life
orth_02,orth,de,P3,107,8,Place and movement
orth_02,orth,de,P3,101,0,People and everyday life
orth_02,orth,de,P3,104,1,Politics and nation
orth_02,orth,de,P3,104,1,Politics and nation
orth_02,orth,de,P3,117,0,People and everyday life
orth_02,orth,de,P3,115,8,Place and movement
orth_02,orth,de,P3,114,0,People and everyday life
orth_02,orth,de,P3,104,7,People and everyday life
orth_02,orth,de,P3,110,3,Place and movement
orth_02,orth,de,P3,109,6,People and everyday life
orth_02,orth,de,P3,109,6,People and everyday life
orth_02,orth,de,P3,111,7,People and everyday life
orth_02,orth,de,P3,113,7,People and everyday life
orth_02,orth,de,P3,107,7,People and everyday life
orth_02,orth,de,P3,113,10,War
orth_02,orth,de,P3,111,3,Place and movement
orth_02,orth,de,P3,104,7,People and everyday life
orth_02,orth,de,P3,121,3,Place and movement
orth_02,orth,de,P3,102,6,People and everyday life
orth_02,orth,de,P3,107,6,People and everyday life
orth_03,orth,de,P3,104,8,Place and movement
orth_03,orth,de,P3,101,8,Place and movement
orth_03,orth,de,P3,117,8,Place and movement
orth_03,orth,de,P3,101,7,People and everyday life
orth_03,orth,de,P3,106,6,People and everyday life
orth_03,orth,de,P3,114,6,People and everyday life
orth_03,orth,de,P3,106,3,Place and movement
orth_03,orth,de,P3,103,0,People and everyday life
orth_03,orth,de,P3,109,6,People and everyday life
orth_03,orth,de,P3,118,10,War
orth_03,orth,de,P3,101,3,Place and movement
orth_03,orth,de,P3,104,5,Politics and nation
orth_03,orth,de,P3,103,2,People and everyday life
orth_03,orth,de,P3,100,10,War
orth_03,orth,de,P3,106,10,War
orth_03,orth,de,P3,130,9,War
orth_03,orth,de,P3,102,6,People and everyday life
orth_03,orth,de,P3,117,6,People and everyday life
orth_03,orth,de,P3,101,2,People and everyday life
orth_03,orth,de,P3,104,2,People and everyday life
orth_03,orth,de,P3,101,5,Politics and nation
orth_03,orth,de,P3,107,7,People and everyday life
orth_03,orth,de,P3,110,6,People and everyday life
orth_03,orth,de,P3,107,6,People and everyday life
orth_03,orth,de,P3,108,2,People and everyday life
orth_03,orth,de,P3,110,0,People and everyday life
orth_03,orth,de,P3,107,10,War
orth_03,orth,de,P3,101,2,People and everyday life
orth_03,orth,de,P3,124,7,People and everyday life
orth_03,orth,de,P3,109,2,People and everyday life
orth_03,orth,de,P3,115,5,Politics and nation
orth_03,orth,de,P3,123,7,People and everyday life
orth_03,orth,de,P3,108,0,People and everyday life
orth_03,orth,de,P3,112,6,People and everyday life
orth_03,orth,de,P3,101,3,Place and movement
orth_03,orth,de,P3,103,0,People and everyday life
orth_03,orth,de,P3,108,6,People and everyday life
orth_03,orth,de,P3,100,0,People and everyday life
orth_03,orth,de,P3,100,7,People and everyday life
orth_03,orth,de,P3,105,1,Politics and nation
orth_03,orth,de,P3,120,1,Politics and nation
orth_03,orth,de,P3,109,1,Politics and nation
orth_03,orth,de,P3,116,1,Politics and nation
orth_03,orth,de,P3,113,1,Politics and nation
orth_03,orth,de,P3,101,9,War
orth_03,orth,de,P3,106,1,Politics and nation
orth_03,orth,de,P3,107,1,Politics and nation
orth_03,orth,de,P3,115,5,Politics and nation
orth_03,orth,de,P3,111,1,Politics and nation
orth_03,orth,de,P3,111,5,Politics and nation
orth_03,orth,de,P3,110,7,People and everyday life
orth_03,orth,de,P3,101,9,War
orth_03,orth,de,P3,122,2,People and everyday life
orth_03,orth,de,P3,104,4,War
orth_03,orth,de,P3,104,4,War
orth_03,orth,de,P3,114,2,People and everyday life
orth_03,orth,de,P3,102,7,People and everyday life
orth_03,orth,de,P3,110,2,People and everyday life
orth_03,orth,de,P3,106,4,War
orth_03,orth,de,P3,63,5,Politics and nation
orth_04,orth,de,P3,116,0,People and everyday life
orth_04,orth,de,P3,104,3,Place and movement
orth_04,orth,de,P3,102,6,People and everyday life
orth_04,orth,de,P3,102,4,War
orth_04,orth,de,P3,103,10,War
orth_04,orth,de,P3,109,4,War
orth_04,orth,de,P3,103,6,People and everyday life
orth_04,orth,de,P3,126,6,People and everyday life
orth_04,orth,de,P3,107,2,People and everyday life
orth_04,orth,de,P3,105,8,Place and movement
orth_04,orth,de,P3,111,6,People and everyday life
orth_04,orth,de,P3,100,1,Politics and nation
orth_04,orth,de,P3,109,7,People and everyday life
orth_04,orth,de,P3,100,4,War
orth_04,orth,de,P3,101,6,People and everyday life
orth_04,orth,de,P3,105,8,Place and movement
orth_04,orth,de,P3,101,3,Place and movement
orth_04,orth,de,P3,112,9,War
orth_04,orth,de,P3,101,11,Politics and nation
orth_04,orth,de,P3,109,2,People and everyday life
orth_04,orth,de,P3,101,2,People and everyday life
orth_04,orth,de,P3,106,6,People and everyday life
orth_04,orth,de,P3,100,7,People and everyday life
orth_04,orth,de,P3,105,7,People and everyday life
orth_04,orth,de,P3,120,7,People and everyday life
orth_04,orth,de,P3,112,3,Place and movement
orth_04,orth,de,P3,101,0,People and everyday life
orth_04,orth,de,P3,107,6,People and everyday life
orth_04,orth,de,P3,105,6,People and everyday life
orth_04,orth,de,P3,105,8,Place and movement
orth_04,orth,de,P3,109,2,People and everyday life
orth_04,orth,de,P3,112,4,War
orth_04,orth,de,P3,118,7,People and everyday life
orth_04,orth,de,P3,102,3,Place and movement
orth_04,orth,de,P3,118,4,War
orth_04,orth,de,P3,105,7,People and everyday life
orth_04,orth,de,P3,100,1,Politics and nation
orth_04,orth,de,P3,109,1,Politics and nation
orth_04,orth,de,P3,105,3,Place and movement
orth_04,orth,de,P3,109,4,War
orth_04,orth,de,P3,100,2,People and everyday life
orth_04,orth,de,P3,108,4,War
orth_05,orth,de,P3,110,8,Place and movement
orth_05,orth,de,P3,108,8,Place and movement
orth_05,orth,de,P3,105,10,War
orth_05,orth,de,P3,123,1,Politics and nation
orth_05,orth,de,P3,113,1,Politics and nation
orth_05,orth,de,P3,109,1,Politics and nation
orth_05,orth,de,P3,103,1,Politics and nation
orth_05,orth,de,P3,103,11,Politics and nation
orth_05,orth,de,P3,106,1,Politics and nation
orth_05,orth,de,P3,106,0,People and everyday life
orth_05,orth,de,P3,109,10,War
orth_05,orth,de,P3,107,6,People and everyday life
orth_05,orth,de,P3,103,10,War
orth_05,orth,de,P3,100,2,People and everyday life
orth_05,orth,de,P3,108,2,People and everyday life
orth_05,orth,de,P3,107,4,War
orth_05,orth,de,P3,112,10,War
orth_05,orth,de,P3,109,4,War
orth_05,orth,de,P3,107,11,Politics and nation
orth_05,orth,de,P3,107,10,War
orth_05,orth,de,P3,106,7,People and everyday life
orth_05,orth,de,P3,102,8,Place and movement
orth_05,orth,de,P3,101,10,War
orth_05,orth,de,P3,106,3,Place and movement
orth_05,orth,de,P3,100,0,People and everyday life
orth_05,orth,de,P3,117,1,Politics and nation
orth_05,orth,de,P3,113,1,Politics and nation
orth_05,orth,de,P3,107,11,Politics and nation
orth_05,orth,de,P3,117,4,War
orth_05,orth,de,P3,122,0,People and everyday life
orth_05,orth,de,P3,103,3,Place and movement
orth_05,orth,de,P3,113,7,People and everyday life
orth_05,orth,de,P3,105,7,People and everyday life
orth_05,orth,de,P3,100,7,People and everyday life
orth_05,orth,de,P3,106,3,Place and movement
orth_05,orth,de,P3,106,2,People and everyday life
orth_05,orth,de,P3,101,11,Politics and nation
orth_06,orth,de,P3,110,8,Place and movement
orth_06,orth,de,P3,108,5,Politics and nation
orth_06,orth,de,P3,103,0,People and everyday life
orth_06,orth,de,P3,103,0,People and everyday life
orth_06,orth,de,P3,105,7,People and everyday life
orth_06,orth,de,P3,109,7,People and everyday life
orth_06,orth,de,P3,113,6,People and everyday life
orth_06,orth,de,P3,102,5,Politics and nation
orth_06,orth,de,P3,104,7,People and everyday life
orth_06,orth,de,P3,101,6,People and everyday life
orth_06,orth,de,P3,102,6,People and everyday life
orth_06,orth,de,P3,112,6,People and everyday life
orth_06,orth,de,P3,107,3,Place and movement
orth_06,orth,de,P3,106,3,Place and movement
orth_06,orth,de,P3,103,7,People and everyday life
orth_06,orth,de,P3,102,8,Place and movement
orth_06,orth,de,P3,112,7,People and everyday life
orth_06,orth,de,P3,107,4,War
orth_06,orth,de,P3,104,3,Place and movement
orth_06,orth,de,P3,104,3,Place and movement
orth_06,orth,de,P3,105,3,Place and movement
orth_06,orth,de,P3,111,7,People and everyday life
orth_06,orth,de,P3,110,7,People and everyday life
orth_06,orth,de,P3,102,7,People and everyday life
orth_06,orth,de,P3,107,7,People and everyday life
orth_06,orth,de,P3,122,6,People and everyday life
orth_06,orth,de,P3,101,6,People and everyday life
orth_06,orth,de,P3,104,6,People and everyday life
orth_06,orth,de,P3,118,7,People and everyday life
orth_06,orth,de,P3,100,0,People and everyday life
orth_06,orth,de,P3,101,7,People and everyday life
orth_06,orth,de,P3,122,8,Place and movement
orth_06,orth,de,P3,121,7,People and everyday life
orth_06,orth,de,P3,115,8,Place and movement
orth_06,orth,de,P3,104,2,People and everyday life
orth_06,orth,de,P3,105,2,People and everyday life
orth_06,orth,de,P3,107,4,War
orth_06,orth,de,P3,112,11,Politics and nation
orth_06,orth,de,P3,103,0,People and everyday life
orth_06,orth,de,P3,102,4,War
orth_06,orth,de,P3,130,2,People and everyday life
orth_06,orth,de,P3,117,5,Politics and nation
orth_06,orth,de,P3,103,5,Politics and nation
orth_06,orth,de,P3,107,8,Place and movement
orth_06,orth,de,P3,101,2,People and everyday life
orth_06,orth,de,P3,100,1,Politics and nation
orth_06,orth,de,P3,102,4,War
orth_06,orth,de,P3,102,2,People and everyday life
orth_06,orth,de,P3,103,9,War
orth_06,orth,de,P3,116,10,War
orth_06,orth,de,P3,114,7,People and everyday life
orth_06,orth,de,P3,111,8,Place and movement
orth_06,orth,de,P3,100,6,People and everyday life
orth_06,orth,de,P3,116,0,People and everyday life
orth_06,orth,de,P3,101,7,People and everyday life
orth_06,orth,de,P3,100,6,People and everyday life
orth_06,orth,de,P3,117,10,War
orth_06,orth,de,P3,116,10,War
orth_06,orth,de,P3,101,4,War
orth_06,orth,de,P3,107,10,War
orth_06,orth,de,P3,104,6,People and everyday life
orth_06,orth,de,P3,113,7,People and everyday life
orth_06,orth,de,P3,118,11,Politics and nation
orth_06,orth,de,P3,103,6,People and everyday life
orth_06,orth,de,P3,115,0,People and everyday life
orth_06,orth,de,P3,138,0,People and everyday life
orth_06,orth,de,P3,118,0,People and everyday life
orth_07,orth,de,P3,107,8,Place and movement
orth_07,orth,de,P3,117,3,Place and movement
orth_07,orth,de,P3,107,1,Politics and nation
orth_07,orth,de,P3,106,0,People and everyday life
orth_07,orth,de,P3,101,8,Place and movement
orth_07,orth,de,P3,112,4,War
orth_07,orth,de,P3,119,8,Place and movement
orth_07,orth,de,P3,108,6,People and everyday life
orth_07,orth,de,P3,116,6,People and everyday life
orth_07,orth,de,P3,112,5,Politics and nation
orth_07,orth,de,P3,103,1,Politics and nation
orth_07,orth,de,P3,101,10,War
orth_07,orth,de,P3,112,6,People and everyday life
orth_07,orth,de,P3,105,3,Place and movement
orth_07,orth,de,P3,105,11,Politics and nation
orth_07,orth,de,P3,108,7,People and everyday life
orth_07,orth,de,P3,109,7,People and everyday life
orth_07,orth,de,P3,101,0,People and everyday life
orth_07,orth,de,P3,102,7,People and everyday life
orth_07,orth,de,P3,107,6,People and everyday life
orth_07,orth,de,P3,105,4,War
orth_07,orth,de,P3,103,4,War
orth_07,orth,de,P3,102,6,People and everyday life
orth_07,orth,de,P3,103,6,People and everyday life
orth_07,orth,de,P3,115,4,War
orth_07,orth,de,P3,104,9,War
orth_07,orth,de,P3,100,7,People and everyday life
orth_07,orth,de,P3,109,10,War
orth_07,orth,de,P3,104,6,People and everyday life
orth_07,orth,de,P3,103,6,People and everyday life
orth_07,orth,de,P3,104,0,People and everyday life
orth_07,orth,de,P3,115,6,People and everyday life
orth_07,orth,de,P3,107,6,People and everyday life
orth_07,orth,de,P3,119,7,People and everyday life
orth_07,orth,de,P3,107,9,War
orth_07,orth,de,P3,115,4,War
orth_07,orth,de,P3,112,4,War
orth_07,orth,de,P3,111,4,War
orth_07,orth,de,P3,107,4,War
orth_07,orth,de,P3,100,6,People and everyday life
orth_07,orth,de,P3,108,7,People and everyday life
orth_07,orth,de,P3,107,1,Politics and nation
orth_07,orth,de,P3,105,1,Politics and nation
orth_07,orth,de,P3,103,11,Politics and nation
orth_07,orth,de,P3,103,1,Politics and nation
orth_07,orth,de,P3,115,1,Politics and nation
orth_07,orth,de,P3,112,3,Place and movement
orth_07,orth,de,P3,100,0,People and everyday life
orth_07,orth,de,P3,118,8,Place and movement
orth_07,orth,de,P3,125,9,War
orth_07,orth,de,P3,130,3,Place and movement
orth_08,orth,de,P3,107,8,Place and movement
orth_08,orth,de,P3,106,3,Place and movement
orth_08,orth,de,P3,114,6,People and everyday life
orth_08,orth,de,P3,108,4,War
orth_08,orth,de,P3,102,2,People and everyday life
orth_08,orth,de,P3,100,8,Place and movement
orth_08,orth,de,P3,105,3,Place and movement
orth_08,orth,de,P3,112,8,Place and movement
orth_08,orth,de,P3,144,4,War
orth_08,orth,de,P3,110,4,War
orth_08,orth,de,P3,100,7,People and everyday life
orth_08,orth,de,P3,106,3,Place and movement
orth_08,orth,de,P3,134,9,War
orth_08,orth,de,P3,129,1,Politics and nation
orth_08,orth,de,P3,119,11,Politics and nation
orth_08,orth,de,P3,105,6,People and everyday life
orth_08,orth,de,P3,104,2,People and everyday life
orth_08,orth,de,P3,101,2,People and everyday life
orth_08,orth,de,P3,115,2,People and everyday life
orth_08,orth,de,P3,103,2,People and everyday life
orth_08,orth,de,P3,117,5,Politics and nation
orth_08,orth,de,P3,102,3,Place and movement
orth_08,orth,de,P3,103,8,Place and movement
orth_08,orth,de,P3,102,8,Place and movement
orth_08,orth,de,P3,105,9,War
orth_08,orth,de,P3,112,2,People and everyday life
orth_08,orth,de,P3,100,1,Politics and nation
orth_08,orth,de,P3,103,10,War
orth_08,orth,de,P3,114,4,War
orth_08,orth,de,P3,106,8,Place and movement
orth_08,orth,de,P3,107,9,War
orth_08,orth,de,P3,103,4,War
orth_08,orth,de,P3,112,4,War
orth_08,orth,de,P3,100,4,War
orth_08,orth,de,P3,106,4,War
orth_08,orth,de,P3,107,6,People and everyday life
orth_08,orth,de,P3,114,8,Place and movement
orth_08,orth,de,P3,111,4,War
orth_08,orth,de,P3,109,4,War
orth_08,orth,de,P3,107,7,People and everyday life
orth_08,orth,de,P3,102,9,War
orth_08,orth,de,P3,111,7,People and everyday life
orth_08,orth,de,P3,112,8,Place and movement
orth_08,orth,de,P3,103,0,People and everyday life
orth_08,orth,de,P3,124,1,Politics and nation
orth_08,orth,de,P3,113,11,Politics and nation
orth_08,orth,de,P3,104,1,Politics and nation
orth_08,orth,de,P3,101,1,Politics and nation
orth_08,orth,de,P3,108,0,People and everyday life
orth_08,orth,de,P3,104,1,Politics and nation
orth_08,orth,de,P3,107,1,Politics and nation
orth_08,orth,de,P3,106,1,Politics and nation
orth_08,orth,de,P3,101,8,Place and movement
orth_08,orth,de,P3,108,9,War
orth_08,orth,de,P3,111,9,War
orth_08,orth,de,P3,109,1,Politics and nation
orth_08,orth,de,P3,108,9,War
orth_08,orth,de,P3,111,5,Politics and nation
orth_08,orth,de,P3,107,5,Politics and nation
orth_08,orth,de,P3,115,1,Politics and nation
orth_08,orth,de,P3,103,11,Politics and nation
orth_08,orth,de,P3,101,4,War
orth_08,orth,de,P3,102,4,War
orth_08,orth,de,P3,113,4,War
orth_08,orth,de,P3,104,7,People and everyday life
orth_08,orth,de,P3,100,6,People and everyday life
orth_08,orth,de,P3,131,0,People and everyday life
orth_08,orth,de,P3,125,10,War
orth_08,orth,de,P3,102,5,Politics and nation
orth_08,orth,de,P3,119,10,War
orth_08,orth,de,P3,111,0,People and everyday life
orth_08,orth,de,P3,103,2,People and everyday life
orth_08,orth,de,P3,100,7,People and everyday life
orth_08,orth,de,P3,112,6,People and everyday life
orth_08,orth,de,P3,113,0,People and everyday life
orth_08,orth,de,P3,106,7,People and everyday life
orth_09,orth,de,P3,119,9,War
orth_09,orth,de,P3,105,6,People and everyday life
orth_09,orth,de,P3,104,0,People and everyday life
orth_09,orth,de,P3,100,0,People and everyday life
orth_09,orth,de,P3,112,6,People and everyday life
orth_09,orth,de,P3,102,3,Place and movement
orth_09,orth,de,P3,117,5,Politics and nation
orth_09,orth,de,P3,111,3,Place and movement
orth_09,orth,de,P3,104,5,Politics and nation
orth_09,orth,de,P3,118,1,Politics and nation
orth_09,orth,de,P3,118,6,People and everyday life
orth_09,orth,de,P3,100,6,People and everyday life
orth_09,orth,de,P3,104,3,Place and movement
orth_09,orth,de,P3,51,5,Politics and nation
orth_10,orth,de,P3,105,9,War
orth_10,orth,de,P3,106,4,War
orth_10,orth,de,P3,100,10,War
orth_10,orth,de,P3,100,4,War
orth_10,orth,de,P3,103,2,People and everyday life
orth_10,orth,de,P3,127,2,People and everyday life
orth_10,orth,de,P3,105,7,People and everyday life
orth_10,orth,de,P3,107,8,Place and movement
orth_10,orth,de,P3,109,4,War
orth_10,orth,de,P3,105,3,Place and movement
orth_10,orth,de,P3,101,9,War
orth_10,orth,de,P3,103,3,Place and movement
orth_10,orth,de,P3,105,3,Place and movement
orth_10,orth,de,P3,105,2,People and everyday life
orth_10,orth,de,P3,100,2,People and everyday life
orth_10,orth,de,P3,105,0,People and everyday life
orth_10,orth,de,P3,100,9,War
orth_10,orth,de,P3,105,8,Place and movement
orth_10,orth,de,P3,103,0,People and everyday life
orth_11,orth,de,P3,111,5,Politics and nation
orth_11,orth,de,P3,106,3,Place and movement
orth_11,orth,de,P3,120,7,People and everyday life
orth_11,orth,de,P3,106,7,People and everyday life
orth_11,orth,de,P3,120,6,People and everyday life
orth_11,orth,de,P3,105,0,People and everyday life
orth_11,orth,de,P3,106,5,Politics and nation
orth_11,orth,de,P3,106,6,People and everyday life
orth_11,orth,de,P3,111,4,War
orth_11,orth,de,P3,105,3,Place and movement
orth_11,orth,de,P3,110,0,People and everyday life
orth_11,orth,de,P3,109,7,People and everyday life
orth_11,orth,de,P3,104,7,People and everyday life
orth_11,orth,de,P3,102,4,War
orth_11,orth,de,P3,105,0,People and everyday life
orth_11,orth,de,P3,100,7,People and everyday life
orth_11,orth,de,P3,109,7,People and everyday life
orth_11,orth,de,P3,113,3,Place and movement
orth_11,orth,de,P3,107,7,People and everyday life
orth_11,orth,de,P3,114,7,People and everyday life
orth_11,orth,de,P3,104,7,People and everyday life
orth_11,orth,de,P3,104,0,People and everyday life
orth_11,orth,de,P3,108,7,People and everyday life
orth_11,orth,de,P3,104,2,People and everyday life
orth_11,orth,de,P3,104,7,People and everyday life
orth_11,orth,de,P3,103,10,War
orth_11,orth,de,P3,108,6,People and everyday life
orth_11,orth,de,P3,91,5,Politics and nation
orth_12,orth,de,P3,102,8,Place and movement
orth_12,orth,de,P3,113,2,People and everyday life
orth_12,orth,de,P3,118,6,People and everyday life
orth_12,orth,de,P3,102,4,War
orth_12,orth,de,P3,106,2,People and everyday life
orth_12,orth,de,P3,115,6,People and everyday life
orth_12,orth,de,P3,115,3,Place and movement
orth_12,orth,de,P3,113,6,People and everyday life
orth_12,orth,de,P3,106,6,People and everyday life
orth_12,orth,de,P3,103,6,People and everyday life
orth_12,orth,de,P3,109,6,People and everyday life
orth_12,orth,de,P3,104,6,People and everyday life
orth_12,orth,de,P3,118,6,People and everyday life
orth_12,orth,de,P3,117,3,Place and movement
orth_12,orth,de,P3,116,7,People and everyday life
orth_12,orth,de,P3,100,1,Politics and nation
orth_12,orth,de,P3,103,6,People and everyday life
orth_12,orth,de,P3,106,6,People and everyday life
orth_12,orth,de,P3,124,7,People and everyday life
orth_12,orth,de,P3,106,4,War
orth_12,orth,de,P3,104,8,Place and movement
orth_12,orth,de,P3,102,5,Politics and nation
orth_12,orth,de,P3,109,10,War
orth_12,orth,de,P3,102,5,Politics and nation
orth_12,orth,de,P3,109,10,War
orth_12,orth,de,P3,106,8,Place and movement
orth_12,orth,de,P3,111,3,Place and movement
orth_12,orth,de,P3,102,4,War
orth_12,orth,de,P3,100,5,Politics and nation
orth_12,orth,de,P3,144,4,War
orth_13,orth,de,P3,100,0,People and everyday life
orth_13,orth,de,P3,111,4,War
orth_13,orth,de,P3,121,8,Place and movement
orth_13,orth,de,P3,128,6,People and everyday life
orth_13,orth,de,P3,101,0,People and everyday life
orth_13,orth,de,P3,127,0,People and everyday life
orth_13,orth,de,P3,110,2,People and everyday life
orth_13,orth,de,P3,108,4,War
orth_13,orth,de,P3,109,2,People and everyday life
orth_13,orth,de,P3,125,10,War
orth_13,orth,de,P3,118,1,Politics and nation
orth_13,orth,de,P3,130,1,Politics and nation
orth_13,orth,de,P3,144,5,Politics and nation
orth_13,orth,de,P3,119,0,People and everyday life
orth_13,orth,de,P3,132,5,Politics and nation
orth_13,orth,de,P3,114,7,People and everyday life
orth_13,orth,de,P3,100,11,Politics and nation
orth_13,orth,de,P3,106,9,War
orth_13,orth,de,P3,100,1,Politics and nation
orth_13,orth,de,P3,104,5,Politics and nation
orth_13,orth,de,P3,106,1,Politics and nation
orth_14,orth,de,P3,110,3,Place and movement
orth_14,orth,de,P3,111,8,Place and movement
orth_14,orth,de,P3,107,2,People and everyday life
orth_14,orth,de,P3,118,1,Politics and nation
orth_14,orth,de,P3,100,6,People and everyday life
orth_14,orth,de,P3,111,9,War
orth_14,orth,de,P3,108,10,War
orth_14,orth,de,P3,102,2,People and everyday life
orth_14,orth,de,P3,107,6,People and everyday life
orth_14,orth,de,P3,104,3,Place and movement
orth_14,orth,de,P3,103,10,War
orth_14,orth,de,P3,104,6,People and everyday life
orth_14,orth,de,P3,106,1,Politics and nation
orth_14,orth,de,P3,100,2,People and everyday life
orth_14,orth,de,P3,108,6,People and everyday life
orth_14,orth,de,P3,102,6,People and everyday life
orth_14,orth,de,P3,110,5,Politics and nation
orth_14,orth,de,P3,108,10,War
orth_14,orth,de,P3,106,0,People and everyday life
orth_14,orth,de,P3,116,9,War
orth_14,orth,de,P3,111,3,Place and movement
orth_14,orth,de,P3,116,7,People and everyday life
orth_14,orth,de,P3,104,8,Place and movement
orth_15,orth,de,P3,121,4,War
orth_15,orth,de,P3,118,8,Place and movement
orth_15,orth,de,P3,107,7,People and everyday life
orth_15,orth,de,P3,114,4,War
orth_15,orth,de,P3,103,8,Place and movement
orth_15,orth,de,P3,100,2,People and everyday life
orth_15,orth,de,P3,100,2,People and everyday life
orth_15,orth,de,P3,102,7,People and everyday life
orth_15,orth,de,P3,107,7,People and everyday life
orth_15,orth,de,P3,105,2,People and everyday life
orth_15,orth,de,P3,104,6,People and everyday life
orth_15,orth,de,P3,103,7,People and everyday life
orth_15,orth,de,P3,104,2,People and everyday life
orth_15,orth,de,P3,104,5,Politics and nation
orth_15,orth,de,P3,102,10,War
orth_15,orth,de,P3,108,6,People and everyday life
orth_15,orth,de,P3,100,4,War
orth_15,orth,de,P3,102,10,War
orth_15,orth,de,P3,104,3,Place and movement
orth_15,orth,de,P3,107,3,Place and movement
orth_15,orth,de,P3,114,1,Politics and nation
orth_15,orth,de,P3,100,7,People and everyday life
orth_15,orth,de,P3,112,9,War
orth_15,orth,de,P3,118,3,Place and movement
orth_15,orth,de,P3,104,9,War
orth_15,orth,de,P3,115,5,Politics and nation
orth_15,orth,de,P3,100,10,War
orth_15,orth,de,P3,117,2,People and everyday life
orth_15,orth,de,P3,109,6,People and everyday life
orth_15,orth,de,P3,106,3,Place and movement
orth_15,orth,de,P3,109,3,Place and movement
orth_15,orth,de,P3,117,2,People and everyday life
orth_15,orth,de,P3,102,2,People and everyday life
orth_15,orth,de,P3,91,8,Place and movement
